Power Plant ID,Name,Fuel,Secondary Fuel,Generator Technology,Units,Capacity (MW),Commissioning Date,Owner,Operational Status,Location,Annual Generation (GWh),Year of Data,Cooling Technology,Cooling Source,Fuel Consumption (g/kWh),CO2 Annual Reported,CO2 Specific Emissions (tCO2/MWh),Efficiency,Latitude,Longitude,Other,Source,URL,Source 2,URL 2,Peak Load (MW),Load Factor,Capacity Factor,Availability,Grid Connection (kV),Grid Balancing Area,Address,Municipality,Postal Code,Country,Natural Language,Geolocation Source
1002544,Suomenojan voimalaitos,Coal,Natural gas,CHP,,358,,Fortum Power and Heat Oy,,Suomenojan voimalaitos,29.877,,,,,,,,,,,Finnish Energy Authority,http://www.energiavirasto.fi/en/voimalaitosrekisteri,ENTSOE (for generation only),https://transparency.entsoe.eu/generation/r2/installedCapacityPerProductionUnit/show,,,,,,Finland National Grid,PL 100,FORTUM,48,Finland,,
1002349,Ilomantsin pellettitehdas,Peat,Medium heavy distillates,CHP,,2.8,,Vapo Oy,,Ilomantsi,,,,,,,,,,,,Finnish Energy Authority,http://www.energiavirasto.fi/en/voimalaitosrekisteri,,,,,,,,Finland National Grid,PL 22,Jyväskylä,40101,Finland,,
1002521,Ruusutarhat,Natural gas,Medium heavy distillates,,,2.7,,Ruusutarhat Suutari Oy,,Valkeala,,,,,,,,,,,,Finnish Energy Authority,http://www.energiavirasto.fi/en/voimalaitosrekisteri,,,,,,,,Finland National Grid,Jyrääntie 400,45100   Kouvola,45100,Finland,,
1002587,Viikinmäki,Biomass,Medium heavy distillates,CHP,,2.7,,Helsingin Vesi,,Viikinmäen jätevedenpuhdistamo,,,,,,,,,,,,Finnish Energy Authority,http://www.energiavirasto.fi/en/voimalaitosrekisteri,,,,,,,,Finland National Grid,PL 1100,Helsingin kaupunki,99,Finland,,
1002327,Hankosaari 1-2 tv,Wind,,,,2.6,,Propel Voima Oy,,Hangonsaari 1 ja 2,,,,,,,,,,,,Finnish Energy Authority,http://www.energiavirasto.fi/en/voimalaitosrekisteri,,,,,,,,Finland National Grid,PL 11,Laitila,23801,Finland,,
1002420,Kumpuniemi,Biomass,,CHP,,2.5,,Kumpuniemen Voima Oy,,Vaneritehtaankatu 1 Suolahti,,,,,,,,,,,,Finnish Energy Authority,http://www.energiavirasto.fi/en/voimalaitosrekisteri,,,,,,,,Finland National Grid,PL 43,Suolahti,44201,Finland,,
1002641,Pettumäen Mylly,Wind,,,,2.5,,Pettumäen Mylly oy,,Pettumäki Teuva,,,,,,,,,,,,Finnish Energy Authority,http://www.energiavirasto.fi/en/voimalaitosrekisteri,,,,,,,,Finland National Grid,Joentaustantie 291,Teuva,64700,Finland,,
1002652,Sysimylly,Wind,,,,2.5,,Sysituuli Oy,,"Luomankyläntie 591, Luomankylä",,,,,,,,,,,,Finnish Energy Authority,http://www.energiavirasto.fi/en/voimalaitosrekisteri,,,,,,,,Finland National Grid,Talvitie 333,Luomakylä,61810,Finland,,
1002654,Isonnevanmäki,Wind,,,,2.5,,Tuuliveikot Oy,,"Isonnevanmäki, Kauhava",,,,,,,,,,,,Finnish Energy Authority,http://www.energiavirasto.fi/en/voimalaitosrekisteri,,,,,,,,Finland National Grid,Mattilantie 34,Kortesjärvi,62420,Finland,,
1002549,Sänkiaho,Oil,,,,2.1,,Alajärven Sähkö Oy,,Sänkiahon 110/ 20 kV sähköasema,,,,,,,,,,,,Finnish Energy Authority,http://www.energiavirasto.fi/en/voimalaitosrekisteri,,,,,,,,Finland National Grid,Kauppakatu 1,Alajärvi,62900,Finland,,
1002432,Käenkoski,Hydro,,,,2,,Killin Voima Oy,,Käenkoski,,,,,,,,,,,,Finnish Energy Authority,http://www.energiavirasto.fi/en/voimalaitosrekisteri,,,,,,,,Finland National Grid,PL 25,Virrat,34801,Finland,,
1002590,"Inkoo, Barösund tv",Wind,,,,2,,Saba Wind Oy Ab,,Inkoo Barösund tv,,,,,,,,,,,,Finnish Energy Authority,http://www.energiavirasto.fi/en/voimalaitosrekisteri,,,,,,,,Finland National Grid,"c/o Ålands Företagsbyrå, Nygatan 9",Mariehamm,22100,Finland,,
1002628,"Kemi Ajos, Sumituuli",Wind,,,,2,,Sumituuli Oy,,Kemi Ajos Sumituuli,,,,,,,,,,,,Finnish Energy Authority,http://www.energiavirasto.fi/en/voimalaitosrekisteri,,,,,,,,Finland National Grid,Vojakkalan vanhatie 43,Tornio,95500,Finland,,
1002650,Hilskansaari,Wind,,,,2,,Pohjantuulen Voima Oy,,"Merituulentie 11, Pori",,,,,,,,,,,,Finnish Energy Authority,http://www.energiavirasto.fi/en/voimalaitosrekisteri,,,,,,,,Finland National Grid,Rovakatu 13 A 39,Rovaniemi,96100,Finland,,
1002597,Wärtsilä tehdas,Oil,Heavy distillates,,,10.4,,Wärtsilä Finland Oy,,Wärtsilä Engine Laboratory,,,,,,,,,,,,Finnish Energy Authority,http://www.energiavirasto.fi/en/voimalaitosrekisteri,,,,,,,,Finland National Grid,Järvikatu 2-4,Vaasa,65100,Finland,,
1002351,Imatran Energia,Natural Gas,,CHP,,10,,Imatran Energia Oy,,"Piikatu 16, 55120 Imatra",,,,,,,,,,,,Finnish Energy Authority,http://www.energiavirasto.fi/en/voimalaitosrekisteri,,,,,,,,Finland National Grid,Karhumäenkatu 2,Imatra,55120,Finland,,
1002315,Billnäs,Hydro,,,,1.8,,Koskienergia Koskivoima Oy,,"Billnäs, Pohja",,,,,,,,,,,,Finnish Energy Authority,http://www.energiavirasto.fi/en/voimalaitosrekisteri,,,,,,,,Finland National Grid,Kotakennääntie 31,Äänekoski,44100,Finland,,
1002491,Pieksämäki,Peat,,CHP,,10,,Savon Voima Oyj,,"Pieksämäki, Kutteritie 2A",,,,,,,,,,,,Finnish Energy Authority,http://www.energiavirasto.fi/en/voimalaitosrekisteri,,,,,,,,Finland National Grid,PL 1024,Toivala,70101,Finland,,
1002637,Salo Märynummi,Wind,,,,10,,Tuuliwatti Oy,,Salo Märynummi,,,,,,,,,,,,Finnish Energy Authority,http://www.energiavirasto.fi/en/voimalaitosrekisteri,,,,,,,,Finland National Grid,Purotie 1,PL 100,(00)381,Finland,,
1002373,Kalajärvi,Hydro,,,,1.8,,Seinäjoen Energia Oy,,"Kalajärvi, Seinäjoki",,,,,,,,,,,,Finnish Energy Authority,http://www.energiavirasto.fi/en/voimalaitosrekisteri,,,,,,,,Finland National Grid,Varastotie 5,Seinäjoki,60100,Finland,,
1002400,Koivukoski,Hydro,,,,1.8,,Kolsin Vesivoimantuotanto Oy,,Koivukosken voimalaitos Kotka,,,,,,,,,,,,Finnish Energy Authority,http://www.energiavirasto.fi/en/voimalaitosrekisteri,,,,,,,,Finland National Grid,Kolsintie 230,KOKEMÄKI,32800,Finland,,
1002328,Harabacka,Natural Gas,Medium heavy distillates,,,9.6,,,,Harabacka,,,,,,,,,,,,Finnish Energy Authority,http://www.energiavirasto.fi/en/voimalaitosrekisteri,,,,,,,,Finland National Grid,,,6100,Finland,,
1002458,Mustio,Hydro,,,,1.8,,Koskienergia Koskivoima Oy,,"Mustio, Karjaa",,,,,,,,,,,,Finnish Energy Authority,http://www.energiavirasto.fi/en/voimalaitosrekisteri,,,,,,,,Finland National Grid,Kotakennääntie 31,Äänekoski,44100,Finland,,
1002619,"Simo, Putaankangas tv",Wind,,,,9,,Tuuliwatti Oy,,"Simo, Putaankangas",,,,,,,,,,,,Finnish Energy Authority,http://www.energiavirasto.fi/en/voimalaitosrekisteri,,,,,,,,Finland National Grid,Purotie 1,PL 100,(00)381,Finland,,
1002620,"Simo, Onkalonperä tv",Wind,,,,9,,Tuuliwatti Oy,,"Simo, Onkaloperä tv",,,,,,,,,,,,Finnish Energy Authority,http://www.energiavirasto.fi/en/voimalaitosrekisteri,,,,,,,,Finland National Grid,Purotie 1,PL 100,(00)381,Finland,,
1002596,Vääräkoski,Hydro,,,,1.8,,Pohjois-Karjalan Sähkö Oy,,"Tohmajärvi, Vääräkoski",,,,,,,,,,,,Finnish Energy Authority,http://www.energiavirasto.fi/en/voimalaitosrekisteri,,,,,,,,Finland National Grid,Rantakatu 29,Joensuu,80100,Finland,,
1002546,Säkylä,Oil,,CHP,,8.8,,Voimavasu Oy,,Säkylä,,,,,,,,,,,,Finnish Energy Authority,http://www.energiavirasto.fi/en/voimalaitosrekisteri,,,,,,,,Finland National Grid,PL 22,Jyväskylä,40101,Finland,,
1002367,Järvelän vaneritehdas,Biomass,Forest fuelwood,CHP,,1.6,,Koskipower Oy,,"Koskisen Oy, Järvelän levyteollisuus",,,,,,,,,,,,Finnish Energy Authority,http://www.energiavirasto.fi/en/voimalaitosrekisteri,,,,,,,,Finland National Grid,Tehdastie 2,JÄRVELÄ,16600,Finland,,
1002658,Sähkäle  II,Wind,,,,1.6,,Lumituuli Oy,,"Sähkäle II, Lumijoki",,,,,,,,,,,,Finnish Energy Authority,http://www.energiavirasto.fi/en/voimalaitosrekisteri,,,,,,,,Finland National Grid,Eerikinkatu 27,Helsinki,180,Finland,,
1002680,Myllykangas 3,Wind,,,,8.4,,Myllykankaan Tuulipuisto II Ky,,Tuulijärventie 1338,,,,,,,,,,,,Finnish Energy Authority,http://www.energiavirasto.fi/en/voimalaitosrekisteri,,,,,,,,Finland National Grid,"c/o Taaleritehdas Oyj, Kluuvikatu 3",Helsinki,100,Finland,,
1002324,Haminan höyrykattilalaitos,Natural Gas,,CHP,,1.5,,Haminan Energia Oy,,Hamina,,,,,,,,,,,,Finnish Energy Authority,http://www.energiavirasto.fi/en/voimalaitosrekisteri,,,,,,,,Finland National Grid,Reutsinkatu 12,Hamina,48810,Finland,,
1002589,"Hanko, Sändö tv 1-4",Wind,,,,8,,Saba Wind Oy Ab,,"Hanko, Sändö tv 1-4",,,,,,,,,,,,Finnish Energy Authority,http://www.energiavirasto.fi/en/voimalaitosrekisteri,,,,,,,,Finland National Grid,"c/o Ålands Företagsbyrå, Nygatan 9",Mariehamm,22100,Finland,,
1002623,"Hamina, Mäkelänkangas tv",Wind,,,,8,,Suomen Voima Oy,,"Hamina, Mäkelänkangas tv",,,,,,,,,,,,Finnish Energy Authority,http://www.energiavirasto.fi/en/voimalaitosrekisteri,,,,,,,,Finland National Grid,Mannerheiminkatu 24,06100 Porvoo,,Finland,,
1002340,"Hoikankangas, Kajaanin sähkölaitos",Oil,,CHP,,1.5,,Puolustushallinnon rakennuslaitos,,"Hoikankangas, Kajaanin sähkölaitos",,,,,,,,,,,,Finnish Energy Authority,http://www.energiavirasto.fi/en/voimalaitosrekisteri,,,,,,,,Finland National Grid,"Unioninkatu 8, PL 199",Helsinki,131,Finland,,
1002431,Kyrkösjärvi,Hydro,,,,7.8,,Seinäjoen Energia Oy,,"Kyrkösjärvi, Seinäjoki",,,,,,,,,,,,Finnish Energy Authority,http://www.energiavirasto.fi/en/voimalaitosrekisteri,,,,,,,,Finland National Grid,Varastotie 5,Seinäjoki,60100,Finland,,
1002464,Mänttä ve,Hydro,,,,1.5,,Mäntän Energia Oy,,Mäntänkoskentie 15 Mänttä,,,,,,,,,,,,Finnish Energy Authority,http://www.energiavirasto.fi/en/voimalaitosrekisteri,,,,,,,,Finland National Grid,Lampilinnantie 4,Mänttä,35800,Finland,,
1002306,Aittaluoto 2,Peat,Industrial wood residues,,,36,,Pori Energia Oy,,Pori Aittaluoto 2,,,,,,,,,,,,Finnish Energy Authority,http://www.energiavirasto.fi/en/voimalaitosrekisteri,,,,,,,,Finland National Grid,PL 9 (Radanvarsi 2),PORI,28101,Finland,,
1002635,Valkeisten voima,Wind,,,,1.5,,Mika Manni,,Seinäjoki,,,,,,,,,,,,Finnish Energy Authority,http://www.energiavirasto.fi/en/voimalaitosrekisteri,,,,,,,,Finland National Grid,Ojajärventie 97,Louko,61190,Finland,,
1002640,Tornio Kitkiäisvaara,Wind,,,,36,,Tuuliwatti Oy,,Tornio Kitkiäisvaara,,,,,,,,,,,,Finnish Energy Authority,http://www.energiavirasto.fi/en/voimalaitosrekisteri,,,,,,,,Finland National Grid,Purotie 1,PL 100,(00)381,Finland,,
1002667,Kankaanpäänmäki,Wind,,,,7.5,,SPC1- Kankaanpäänmäki Oy,,Kankaanpäänmäki,,,,,,,,,,,,Finnish Energy Authority,http://www.energiavirasto.fi/en/voimalaitosrekisteri,,,,,,,,Finland National Grid,Sydänmaantie 340,,,Finland,,
1002376,Kankaanpää,Oil,,,,7,,Vatajankosken Sähkö Oy,,Kankaanpää,,,,,,,,,,,,Finnish Energy Authority,http://www.energiavirasto.fi/en/voimalaitosrekisteri,,,,,,,,Finland National Grid,Vuohiniityntie 2,Kankaanpää,,Finland,,
1002440,Lieksa Kevätniemi,Peat,Medium heavy distillates,CHP,,7,,Vapo Oy,,Lieksa,,,,,,,,,,,,Finnish Energy Authority,http://www.energiavirasto.fi/en/voimalaitosrekisteri,,,,,,,,Finland National Grid,PL 22,Jyväskylä,40101,Finland,,
1002582,Vehmaa,Biomass,,CHP,,1.4,,Biovakka Suomi Oy,,markku.ahlqvist@biovakka.fi,,,,,,,,,,,,Finnish Energy Authority,http://www.energiavirasto.fi/en/voimalaitosrekisteri,,,,,,,,Finland National Grid,Kalannintie 191,Vehmaa,23200,Finland,,
1002604,Äänekoski ht,Biomass,Forest fuelwood,CHP,,35,,Äänevoima Oy,,Äänevoima Oy,,,,,,,,,,,,Finnish Energy Authority,http://www.energiavirasto.fi/en/voimalaitosrekisteri,,,,,,,,Finland National Grid,PL 200,ÄÄNEKOSKI,44101,Finland,,
1002608,Hyötyvoimalaitos,Waste,Natural gas,CHP,,7,,Kotkan Energia Oy,,Hyötyvoimalaitos,,,,,,,,,,,,Finnish Energy Authority,http://www.energiavirasto.fi/en/voimalaitosrekisteri,,,,,,,,Finland National Grid,Kotkantie 2,Kotka,48100,Finland,,
1002438,Lestijärvi,Separate electricity production,,,,1.3,,Verkko Korpela Oy,,Lestijärvi,,,,,,,,,,,,Finnish Energy Authority,http://www.energiavirasto.fi/en/voimalaitosrekisteri,,,,,,,,Finland National Grid,PL 13,Kannus,69101,Finland,,
1002625,"Ii, Olhava tv",Wind,,,,33.9,,Tuuliwatti Oy,,Ii Olhava,,,,,,,,,,,,Finnish Energy Authority,http://www.energiavirasto.fi/en/voimalaitosrekisteri,,,,,,,,Finland National Grid,Purotie 1,PL 100,(00)381,Finland,,
1002655,Mäkikankaan tuulipuisto,Wind,,,,33,,wpd Mäkikankaan tuulipuisto Oy,,"Mäkikankaan tuulipuisto, Pyhäjoki",,,,,,,,,,,,Finnish Energy Authority,http://www.energiavirasto.fi/en/voimalaitosrekisteri,,,,,,,,Finland National Grid,Keilaranta 13,Espoo,2150,Finland,,
1002517,Rengon saha,Biomass,Industrial wood residues,CHP,,1.3,,Biokraft Oy,,Renko,,,,,,,,,,,,Finnish Energy Authority,http://www.energiavirasto.fi/en/voimalaitosrekisteri,,,,,,,,Finland National Grid,c/o Vapo Oy,PL 22,40101,Finland,,
1002624,Toholampi,Biomass,Industrial wood residues,CHP,,1.3,,Toholammin Energia Oy,,Toholampi,,,,,,,,,,,,Finnish Energy Authority,http://www.energiavirasto.fi/en/voimalaitosrekisteri,,,,,,,,Finland National Grid,Lampintie 5,Toholampi,69300,Finland,,
1002656,Pori Kirrinsanta,Wind,,,,6.6,,Suomen Hyötytuuli Oy,,Pori Kirrinsanta,,,,,,,,,,,,Finnish Energy Authority,http://www.energiavirasto.fi/en/voimalaitosrekisteri,,,,,,,,Finland National Grid,PL 9,Pori,28101,Finland,,
1002316,Björkfors,Hydro,,,,1.2,,Oy HERRFORS Ab,,Björkfors,,,,,,,,,,,,Finnish Energy Authority,http://www.energiavirasto.fi/en/voimalaitosrekisteri,,,,,,,,Finland National Grid,Storgatan 8,68600 Jakobstad,,Finland,,
1002665,Pajukoski 1 A,Wind,,,,6.6,,Windfarm Ylivieska Pajukoski Ky,,Pajukoski 1A,,,,,,,,,,,,Finnish Energy Authority,http://www.energiavirasto.fi/en/voimalaitosrekisteri,,,,,,,,Finland National Grid,Kluuvikatu 3,Helsinki,`00100,Finland,,
1002309,Alholma AK 1,Biomass,,,,30,,Oy Alholmens Kraft Ab,,AK1,,,,,,,,,,,,Finnish Energy Authority,http://www.energiavirasto.fi/en/voimalaitosrekisteri,,,,,,,,Finland National Grid,PB 250,JAKOBSTAD,68601,Finland,,
1002672,Haapajärvi Sauviinmäki,Wind,,,,6.6,,Haapajärvi Sauviinmäki Tuulivoima Oy,,Haapajärvi Sauviinmäki,,,,,,,,,,,,Finnish Energy Authority,http://www.energiavirasto.fi/en/voimalaitosrekisteri,,,,,,,,Finland National Grid,Jaakonkatu 3B 7 krs.,Helsinki,100,Finland,,
1002446,Långfors,Hydro,,,,1.2,,Oy HERRFORS Ab,,Långfors,,,,,,,,,,,,Finnish Energy Authority,http://www.energiavirasto.fi/en/voimalaitosrekisteri,,,,,,,,Finland National Grid,Storgatan 8,68600 Jakobstad,,Finland,,
1002401,Koivukoski 1 ja 2,Hydro,,,,6.5,,Kainuun Voima Oy,,Koivukoski 1 ja 2,,,,,,,,,,,,Finnish Energy Authority,http://www.energiavirasto.fi/en/voimalaitosrekisteri,,,,,,,,Finland National Grid,Tehdaskatu 17,PL 302,87101 Kajaani,Finland,,
1002595,Värnå,Hydro,,,,1.2,,Esse Elektro-Kraft Ab,,"Värnå 1, Värnå 2",,,,,,,,,,,,Finnish Energy Authority,http://www.energiavirasto.fi/en/voimalaitosrekisteri,,,,,,,,Finland National Grid,Seinpottvägen 3,Esse,68820,Finland,,
1002545,Suosiola,Peat,Industrial wood residues,CHP,,30,,ROVANIEMEN ENERGIA OY,,"Lampelankatu 24, Suosiola",,,,,,,,,,,,Finnish Energy Authority,http://www.energiavirasto.fi/en/voimalaitosrekisteri,,,,,,,,Finland National Grid,Koskikatu 27,96101 ROVANIEMI,96100,Finland,,
1002606,Kemi Ajos Innopower,Wind,,,,30,,Innopower Oy,,Kemi: Ajos  T2-T11,,,,,,,,,,,,Finnish Energy Authority,http://www.energiavirasto.fi/en/voimalaitosrekisteri,,,,,,,,Finland National Grid,"Töölönkatu 4, PL40",Helsinki,101,Finland,,
1002430,Kymijärvi,Waste,Natural gas,CHP,,195,,Lahti Energia Oy,,"Kymijärvi Voimakatu 16, Lahti",359.211,,,,,,,,,,,Lahtigasification,http://www.lahtigasification.com/power-plant,ENTSOE (for generation only),https://transparency.entsoe.eu/generation/r2/installedCapacityPerProductionUnit/show,,,,,,Finland National Grid,,,15141,Finland,,
1002616,Keljonlahti,Peat,Forest fuelwood,CHP,,190,,Jyväskylän Voima Oy,,Keljonrannantie 276,569.919,,,,,,,,,,,Finnish Energy Authority,http://www.energiavirasto.fi/en/voimalaitosrekisteri,ENTSOE (for generation only),https://transparency.entsoe.eu/generation/r2/installedCapacityPerProductionUnit/show,,,,,,Finland National Grid,PL 4,Jyväskylä,40101,Finland,,
1002490,Petäjäskoski,Hydro,,,,182,,Kemijoki Oy,,Petäjäskoski,,,,,,,,,,,,Finnish Energy Authority,http://www.energiavirasto.fi/en/voimalaitosrekisteri,,,,,,,,Finland National Grid,PL 8131,ROVANIEMI,96101,Finland,,
1002331,Hattarfors,Hydro,,,,1.1,,Esse Elektro-Kraft Ab,,Hattar kraftverk,,,,,,,,,,,,Finnish Energy Authority,http://www.energiavirasto.fi/en/voimalaitosrekisteri,,,,,,,,Finland National Grid,Seinpottvägen 3,Esse,68820,Finland,,
1002495,Pitkämö,Hydro,,,,6.3,,Koskienergia Koskivoima Oy,,"Pitkämö, Kurikka",,,,,,,,,,,,Finnish Energy Authority,http://www.energiavirasto.fi/en/voimalaitosrekisteri,,,,,,,,Finland National Grid,Kotakennääntie 31,Äänekoski,44100,Finland,,
1002379,Karvetti,Oil,Medium heavy distillates,,,1.1,,Naantalin Energia Oy,,Rautakatu 7 Naantali,,,,,,,,,,,,Finnish Energy Authority,http://www.energiavirasto.fi/en/voimalaitosrekisteri,,,,,,,,Finland National Grid,PL 33,Naantali,21101,Finland,,
1002626,"Tervola, Varevaara tv",Wind,,,,30,,Tuuliwatti Oy,,Tervola Varevaara,,,,,,,,,,,,Finnish Energy Authority,http://www.energiavirasto.fi/en/voimalaitosrekisteri,,,,,,,,Finland National Grid,Purotie 1,PL 100,(00)381,Finland,,
1002443,Liunankoski,Hydro,,,,1.1,,Savon Voima Oyj,,"Joroinen, Liunantie 79",,,,,,,,,,,,Finnish Energy Authority,http://www.energiavirasto.fi/en/voimalaitosrekisteri,,,,,,,,Finland National Grid,PL 1024,Toivala,70901,Finland,,
1002336,Hilskansaari,Wind,,,,1,,Kansallistuuli Oy,,"Pori, Hilskansaari",,,,,,,,,,,,Finnish Energy Authority,http://www.energiavirasto.fi/en/voimalaitosrekisteri,,,,,,,,Finland National Grid,Linnankatu 20 A,Turku,20100,Finland,,
1002605,Äänekoski ve,Hydro,,,,6,,Metsä Board Oyj,,Metsä Board Äänekosken vesivoimalaitos,,,,,,,,,,,,Finnish Energy Authority,http://www.energiavirasto.fi/en/voimalaitosrekisteri,,,,,,,,Finland National Grid,Revontulentie 6,Espoo,2100,Finland,,
1002396,Kirakkaköngäs,Hydro,,,,1,,Inergia Oy,,Kirakkaköngäs,,,,,,,,,,,,Finnish Energy Authority,http://www.energiavirasto.fi/en/voimalaitosrekisteri,,,,,,,,Finland National Grid,Sairaalantie 3,Ivalo,99800,Finland,,
1002643,Pirttiselkä,Wind,,,,27.6,,Puhuri Oy,,Pirttiselkä,,,,,,,,,,,,Finnish Energy Authority,http://www.energiavirasto.fi/en/voimalaitosrekisteri,,,,,,,,Finland National Grid,Turvetie 112,Haapavesi,86600,Finland,,
1002629,"Högsara, Kemiönsaari tv",Wind,,,,6,,Via Wind Oy Ltd,,"Högsara, Kemiönsaari",,,,,,,,,,,,Finnish Energy Authority,http://www.energiavirasto.fi/en/voimalaitosrekisteri,,,,,,,,Finland National Grid,Hannuksentie 1,Espoo,2270,Finland,,
1002436,Larsmo tv,Wind,,,,1,,Ab Larsmo Vindkraft Oy,,Larsmo Vindkraftverk,,,,,,,,,,,,Finnish Energy Authority,http://www.energiavirasto.fi/en/voimalaitosrekisteri,,,,,,,,Finland National Grid,Risöhällvägen 18,Larsmo,68570,Finland,,
1002662,Elkko,Wind,,,,6,,Raahen Tuulienergia Oy,,"Elkko, Raahe",,,,,,,,,,,,Finnish Energy Authority,http://www.energiavirasto.fi/en/voimalaitosrekisteri,,,,,,,,Finland National Grid,Rantakatu 8 A,Raahen Tuulienergia Oy,92100,Finland,,
1002462,Mäkipää Diesel,Separate electricity production,,,,1,,Vaasan Sähköverkko Oy,,Mäkipää Diesel,,,,,,,,,,,,Finnish Energy Authority,http://www.energiavirasto.fi/en/voimalaitosrekisteri,,,,,,,,Finland National Grid,PL 26,Vaasa,65101,Finland,,
1002501,Porvoo Kilpilahti,Oil,,,,27,,Fingrid Oyj,,Kilpilahti kt vvl,,,,,,,,,,,,Finnish Energy Authority,http://www.energiavirasto.fi/en/voimalaitosrekisteri,,,,,,,,Finland National Grid,PL 530 ( Arkadiakatu 23 B),Helsinki,100,Finland,,
1002413,Mussalon tuulivoimalat,Wind,,,,5.7,,Kotkan Energia Oy,,Tuulivoimalat,,,,,,,,,,,,Finnish Energy Authority,http://www.energiavirasto.fi/en/voimalaitosrekisteri,,,,,,,,Finland National Grid,Liitulahdentie 1,Kotka,48101,Finland,,
1002653,Joukhaisselän Tuulipuisto,Wind,,,,27,,Joukhaisselän Tuulipuisto Oy,,"Joukhaisselän Tuulipuisto, Sodankylä",,,,,,,,,,,,Finnish Energy Authority,http://www.energiavirasto.fi/en/voimalaitosrekisteri,,,,,,,,Finland National Grid,"c/o CorpNordic Oy, Lautatarhankatu 6",Helsinki,580,Finland,,
1002677,Kooninkallio,Wind,,,,27,,Kooninkallion Tuulipuisto Ky,,Kooninkallio,,,,,,,,,,,,Finnish Energy Authority,http://www.energiavirasto.fi/en/voimalaitosrekisteri,,,,,,,,Finland National Grid,"c/o Taaleritehtaan Sijoitustehdas, Kluuvikatu 3",Helsinki,100,Finland,,
1002638,Siikainen Jäneskeidas,Wind,,,,26.4,,Tuuliwatti Oy,,Siikainen Jäneskeidas,,,,,,,,,,,,Finnish Energy Authority,http://www.energiavirasto.fi/en/voimalaitosrekisteri,,,,,,,,Finland National Grid,Purotie 1,PL 100,(00)381,Finland,,
1002311,Anjalankoski,Biomass,Mixed fuels,,,160.5,,Stora Enso Publication Papers Oy Ltd,,Anjalankoski,,,,,,,,,,,,Finnish Energy Authority,http://www.energiavirasto.fi/en/voimalaitosrekisteri,,,,,,,,Finland National Grid,Anjalan tehtaat,Anjalankoski,46900,Finland,,
1002507,Pyhäkoski,Hydro,,,,146,,"Fortum Power & Heat , Generation",,Pyhäkoski,,,,,,,,,,,,Finnish Energy Authority,http://www.energiavirasto.fi/en/voimalaitosrekisteri,,,,,,,,Finland National Grid,Keilaniementie 1,PL 100,00048 Fortum,Finland,,
1002383,Kaukopää,Biomass,Industrial wood residues,CHP,,134,,Stora Enso Oyj,,Kaukopää,,,,,,,,,,,,Finnish Energy Authority,http://www.energiavirasto.fi/en/voimalaitosrekisteri,,,,,,,,Finland National Grid,Imatran tehtaat,Imatra,55800,Finland,,
1002561,Tiihala,Oil,,CHP,,1,,Virolan puutarha,,"Tiihala, Kangasala",,,,,,,,,,,,Finnish Energy Authority,http://www.energiavirasto.fi/en/voimalaitosrekisteri,,,,,,,,Finland National Grid,Tiihalantie 194,Kangasala,36270,Finland,,
1002577,Waskiluoto Validation Center,Oil,Heavy distillates,,,5.5,,Wärtsilä Finland Oy,,Waskiluoto Validation Center,,,,,,,,,,,,Finnish Energy Authority,http://www.energiavirasto.fi/en/voimalaitosrekisteri,,,,,,,,Finland National Grid,Järvikatu 2-4,Vaasa,65100,Finland,,
1002599,Åminnefors,Hydro,,,,1,,Koskienergia Koskivoima Oy,,"Åminnefors, Pohja",,,,,,,,,,,,Finnish Energy Authority,http://www.energiavirasto.fi/en/voimalaitosrekisteri,,,,,,,,Finland National Grid,Kotakennääntie 31,Äänekoski,44100,Finland,,
1002644,Nahkakallio,Wind,,,,26.4,,Puhuri Oy,,Nahkakallio,,,,,,,,,,,,Finnish Energy Authority,http://www.energiavirasto.fi/en/voimalaitosrekisteri,,,,,,,,Finland National Grid,Turvetie 112,Haapavesi,86600,Finland,,
1002411,Koskenvarsi,Hydro,,,,0.9,,Alajärven Sähkö Oy,,Koskenvarren vesivoimalaitos,,,,,,,,,,,,Finnish Energy Authority,http://www.energiavirasto.fi/en/voimalaitosrekisteri,,,,,,,,Finland National Grid,Kauppakatu 1,Alajärvi,62900,Finland,,
1002469,Nikkilä,Natural Gas,Medium heavy distillates,CHP,,5.4,,Keravan Energia Oy,,Nikkilän voimalaitos,,,,,,,,,,,,Finnish Energy Authority,http://www.energiavirasto.fi/en/voimalaitosrekisteri,,,,,,,,Finland National Grid,PL 37,Kerava,4201,Finland,,
1002486,Parantalankoski,Hydro,,,,0.9,,Koskienergia Oy,,Parantala Äänekoski,,,,,,,,,,,,Finnish Energy Authority,http://www.energiavirasto.fi/en/voimalaitosrekisteri,,,,,,,,Finland National Grid,PL166,Mikkeli,50101,Finland,,
1002621,Nivala,Biomass,Heavy distillates,CHP,,5.3,,Nivalan Kaukolämpö Oy,,Lämpölä/Hyttitie 5 Nivala,,,,,,,,,,,,Finnish Energy Authority,http://www.energiavirasto.fi/en/voimalaitosrekisteri,,,,,,,,Finland National Grid,Hyttitie 5,Nivala,85500,Finland,,
1002506,Puulaakso,Biomass,,CHP,,0.9,,Puulaakson Energia Oy,,Puulaakson Energia Oy  Hongantie 93,,,,,,,,,,,,Finnish Energy Authority,http://www.energiavirasto.fi/en/voimalaitosrekisteri,,,,,,,,Finland National Grid,"C/O Vattenfall Sähköntuotanto Oy, Maistraatinportti 4",Helsinki,240,Finland,,
1002547,Säkylän varuskunnan dieselvoimalaitos,Oil,,CHP,,5,,Köyliön - Säkylän Sähkö Oy,,"Säkylä, Huovinrinne",,,,,,,,,,,,Finnish Energy Authority,http://www.energiavirasto.fi/en/voimalaitosrekisteri,,,,,,,,Finland National Grid,Kuninkaanlähteentie 76,Säkylä,27800,Finland,,
1002537,Sodankylän varuskunta,Oil,,,,0.9,,Puolustushallinnon rakennuslaitos,,Sodankylän varuskunta,,,,,,,,,,,,Finnish Energy Authority,http://www.energiavirasto.fi/en/voimalaitosrekisteri,,,,,,,,Finland National Grid,"Unioninkatu 8, PL 199",Helsinki,131,Finland,,
1002678,Vartinoja 1,Wind,,,,25.65,,Vartinoja I Ky,,Vartinoja 1,,,,,,,,,,,,Finnish Energy Authority,http://www.energiavirasto.fi/en/voimalaitosrekisteri,,,,,,,,Finland National Grid,PL3,Lähitapiola,2010,Finland,,
1002649,RES1,Wind,,,,5,,Restuuli Oy,,"Märynummi, Salo",,,,,,,,,,,,Finnish Energy Authority,http://www.energiavirasto.fi/en/voimalaitosrekisteri,,,,,,,,Finland National Grid,Tervarinne 5,Salo,24280,Finland,,
1002607,Topinojan Biokaasulaitos,Biomass,Biogas,CHP,,0.8,,Höyrytys Oy,,Topinojan Biokaasulaitos,,,,,,,,,,,,Finnish Energy Authority,http://www.energiavirasto.fi/en/voimalaitosrekisteri,,,,,,,,Finland National Grid,Palokorvenkatu 2,Kerava,4261,Finland,,
1002534,"Siilinjärvi, V1 turb. ja vp turb.",Biomass,Heavy distillates,CHP,,25.1,,Kemphos Oy,,Siilinjärvi,,,,,,,,,,,,Finnish Energy Authority,http://www.energiavirasto.fi/en/voimalaitosrekisteri,,,,,,,,Finland National Grid,"Nilsiäntie 501, PL 20",Siilinjärvi,71801,Finland,,
1002557,Teivaanmäki,Natural gas,Medium heavy distillates,CHP,,4.8,,Lahti Energia Oy,,"Teivaanmäki Jalkarannantie 22, Lahti",,,,,,,,,,,,Finnish Energy Authority,http://www.energiavirasto.fi/en/voimalaitosrekisteri,,,,,,,,Finland National Grid,,,15141,Finland,,
1002581,Vatajankoski,Hydro,,,,0.75,,Vatajankosken Sähkö Oy,,Vatajankoski,,,,,,,,,,,,Finnish Energy Authority,http://www.energiavirasto.fi/en/voimalaitosrekisteri,,,,,,,,Finland National Grid,PL 12,Kankaanpää,38701,Finland,,
1002536,Siuronkoski,Hydro,,,,0.7,,Virolan puutarha,,"Siuronkoski, Nokia",,,,,,,,,,,,Finnish Energy Authority,http://www.energiavirasto.fi/en/voimalaitosrekisteri,,,,,,,,Finland National Grid,Tiihalantie 194,Kangasala,36270,Finland,,
1002402,Koivukoski 3,Hydro,,,,25,,Kainuun Voima Oy,,Koivukoski 3,,,,,,,,,,,,Finnish Energy Authority,http://www.energiavirasto.fi/en/voimalaitosrekisteri,,,,,,,,Finland National Grid,Tehdaskatu 17,PL 302,87101 Kajaani,Finland,,
1002647,Posion CHP-laitos,Natural Gas,Forest fuelwood,,,0.6,,Posion Vesi ja Lämpö Oy,,Posion Voimalaitos Rantatie 3 97900 Posio,,,,,,,,,,,,Finnish Energy Authority,http://www.energiavirasto.fi/en/voimalaitosrekisteri,,,,,,,,Finland National Grid,Kirkkotie 1,POSIO,97900,Finland,,
1002468,Nastola kt,Natural Gas,Medium heavy distillates,CHP,,4.6,,Lahti Energia Oy,,Nastola Rakokiventie 23,,,,,,,,,,,,Finnish Energy Authority,http://www.energiavirasto.fi/en/voimalaitosrekisteri,,,,,,,,Finland National Grid,,,15141,Finland,,
1002530,Seinäjoki (SEVO),Peat,Heavy distillates,CHP,,125,,Vaskiluodon Voima Oy,,Seinäjoki  (SEVO),417.318,,,,,,,,,,,Finnish Energy Authority,http://www.energiavirasto.fi/en/voimalaitosrekisteri,ENTSOE (for generation only),https://transparency.entsoe.eu/generation/r2/installedCapacityPerProductionUnit/show,,,,,,Finland National Grid,Frilundintie 7,Vaasa,65170,Finland,,
1002353,Inkoo,Coal,Heavy distillates,,,0,,"Fortum Power & Heat , Generation",,Inkoo,,,,,,,,,,,,Finnish Energy Authority,http://www.energiavirasto.fi/en/voimalaitosrekisteri,,,,,,,,Finland National Grid,Keilaniementie 1,PL 100,00048 Fortum,Finland,,
1002542,Stadsforsens Kraftverk,Hydro,,,,4.6,,Nykarleby Kraftverk,,Stadsforsens Kraftverk,,,,,,,,,,,,Finnish Energy Authority,http://www.energiavirasto.fi/en/voimalaitosrekisteri,,,,,,,,Finland National Grid,Kvarnvägen 20,Nykarleby,66900,Finland,,
1002380,Kaskinen lv ja vp,Biomass,Heavy distillates,CHP,,0,,Metsä Fibre Oy,,Metsä Fibre Kaskisten tehdas,,,,,,,,,,,,Finnish Energy Authority,http://www.energiavirasto.fi/en/voimalaitosrekisteri,,,,,,,,Finland National Grid,Revontulentie 6,Espoo,2100,Finland,,
1002414,Kristiina 1,Oil,Medium heavy distillates,,,0,,PVO-Lämpövoima Oy,,Kristiina 1,,,,,,,,,,,,Finnish Energy Authority,http://www.energiavirasto.fi/en/voimalaitosrekisteri,,,,,,,,Finland National Grid,Frilundintie 7,Vaasa,65170,Finland,,
1002415,Kristiina 2,Coal,Heavy distillates,,,0,,PVO-Lämpövoima Oy,,Kristiina 2,,,,,,,,,,,,Finnish Energy Authority,http://www.energiavirasto.fi/en/voimalaitosrekisteri,,,,,,,,Finland National Grid,Frilundintie 7,Vaasa,65170,Finland,,
1002457,Järvenpää,Natural Gas,,CHP,,23.8,,Fortum Power and Heat Oy,,"Voimalankatu, 04430 Järvenpää",,,,,,,,,,,,Finnish Energy Authority,http://www.energiavirasto.fi/en/voimalaitosrekisteri,,,,,,,,Finland National Grid,PL 100,Fortum,48,Finland,,
1002399,Klåsarö,Hydro,,,,4.5,,Oy Mankala Ab,,Klåsarö,,,,,,,,,,,,Finnish Energy Authority,http://www.energiavirasto.fi/en/voimalaitosrekisteri,,,,,,,,Finland National Grid,Sitikkalantie 189,KAUSALA,47400,Finland,,
1002493,Pihlava,Biomass,Heavy distillates,CHP,,0,,Pori Energia Oy,,Pori Pihlava,,,,,,,,,,,,Finnish Energy Authority,http://www.energiavirasto.fi/en/voimalaitosrekisteri,,,,,,,,Finland National Grid,PL 9 (Radanvarsi 2),PORI,28101,Finland,,
1002666,Pajukoski 1 B,Wind,,,,23.1,,Pajukosken tuulipuisto Oy,,Pajukosken tuulipuisto 1 B,,,,,,,,,,,,Finnish Energy Authority,http://www.energiavirasto.fi/en/voimalaitosrekisteri,,,,,,,,Finland National Grid,Kluuvikatu 3,Helsinki,`00100,Finland,,
1002614,Varissaari,Biomass,Peat,CHP,,4.5,,Keuruun Lämpövoima Oy,,Varissaari,,,,,,,,,,,,Finnish Energy Authority,http://www.energiavirasto.fi/en/voimalaitosrekisteri,,,,,,,,Finland National Grid,PL 50,Keuruu,42701,Finland,,
1002513,Raisio,Oil,,CHP,,0,,Raisionkaaren Teollisuuspuisto Oy,,Raisio,,,,,,,,,,,,Finnish Energy Authority,http://www.energiavirasto.fi/en/voimalaitosrekisteri,,,,,,,,Finland National Grid,PL 101,RAISIO,21201,Finland,,
1002645,Kirkkokallio-Honkajoki,Wind,,,,21.6,,Honkajoen Tuulipuisto Ky,,Kirkkokallio,,,,,,,,,,,,Finnish Energy Authority,http://www.energiavirasto.fi/en/voimalaitosrekisteri,,,,,,,,Finland National Grid,"c/o Taaleritehdas Oyj, Kluuvikatu 3",Helsinki,100,Finland,,
1002377,Kantvik,Coal,,CHP,,4.2,,Voimavasu Oy,,Kantvik,,,,,,,,,,,,Finnish Energy Authority,http://www.energiavirasto.fi/en/voimalaitosrekisteri,,,,,,,,Finland National Grid,PL 22,Jyväskylä,40101,Finland,,
1002527,Savela,Oil,,,,0,,Jyväskylän Energiantuotanto Oy,,Savela,,,,,,,,,,,,Finnish Energy Authority,http://www.energiavirasto.fi/en/voimalaitosrekisteri,,,,,,,,Finland National Grid,PL 4,Jyväskylä,40101,Finland,,
1002425,Kuurna,Hydro,,,,21.2,,Kuurnan Voima Oy,,"Kontiolahti, Kuurna",,,,,,,,,,,,Finnish Energy Authority,http://www.energiavirasto.fi/en/voimalaitosrekisteri,,,,,,,,Finland National Grid,Rantakatu 29,Joensuu,80100,Finland,,
1002550,Tahkoluoto,Coal,Heavy distillates,,,0,,PVO-Lämpövoima Oy,,Tahkoluoto,,,,,,,,,,,,Finnish Energy Authority,http://www.energiavirasto.fi/en/voimalaitosrekisteri,,,,,,,,Finland National Grid,Frilundintie 7,Vaasa,65170,Finland,,
1002419,Kuhmon Lämpö,Biomass,Industrial wood residues,CHP,,4,,Kuhmon Lämpö Oy,,Kuhmo,,,,,,,,,,,,Finnish Energy Authority,http://www.energiavirasto.fi/en/voimalaitosrekisteri,,,,,,,,Finland National Grid,Hyryntie 40,Kuhmo,88900,Finland,,
1002571,Vaasa,Oil,Medium heavy distillates,CHP,,0,,Vaasan Sähkö Oy,,Palosaaren sillan voimalaitos,,,,,,,,,,,,Finnish Energy Authority,http://www.energiavirasto.fi/en/voimalaitosrekisteri,,,,,,,,Finland National Grid,Kirkkopuistikko 0,Vaasa,65100,Finland,,
1002435,Lapua,Peat,Forest fuelwood,CHP,,4,,Kiviristin Lämpö Oy,,Lapua,,,,,,,,,,,,Finnish Energy Authority,http://www.energiavirasto.fi/en/voimalaitosrekisteri,,,,,,,,Finland National Grid,Makasiinintie 7,Lapua,62100,Finland,,
1002579,Vaskiluoto 3,Oil,,CHP,,0,,PVO-Huippuvoima Oy,,Vaasa  ( Vaskiluoto 3 ),,,,,,,,,,,,Finnish Energy Authority,http://www.energiavirasto.fi/en/voimalaitosrekisteri,,,,,,,,Finland National Grid,Frilundintie 7,Vaasa,65170,Finland,,
1002648,TuuliMuukko,Wind,,,,21,,TuuliMuukko Ky,,"Muukko, Lappeenranta",,,,,,,,,,,,Finnish Energy Authority,http://www.energiavirasto.fi/en/voimalaitosrekisteri,,,,,,,,Finland National Grid,Snellmaninkatu 3 B,Lappeenranta,53100,Finland,,
1002479,Oulu Vihreäsaari tv,Wind,,,,4,,Innopower Oy,,"Oulu, Vihreäsaari T1 ja T2",,,,,,,,,,,,Finnish Energy Authority,http://www.energiavirasto.fi/en/voimalaitosrekisteri,,,,,,,,Finland National Grid,"Töölönkatu 4, PL40",Helsinki,101,Finland,,
1002684,Lotlax Vindpark,Wind,,,,21,,Amperax Energie GmbH,,"Lotlax, Söderskogen",,,,,,,,,,,,Finnish Energy Authority,http://www.energiavirasto.fi/en/voimalaitosrekisteri,,,,,,,,Finland National Grid,Grimes-Kreuz-Straße 55,Kaarst,41564,Finland,,
1002575,Vanttauskoski,Hydro,,,,95,,Kemijoki Oy,,Vanttauskoski,,,,,,,,,,,,Finnish Energy Authority,http://www.energiavirasto.fi/en/voimalaitosrekisteri,,,,,,,,Finland National Grid,PL 8131,ROVANIEMI,96101,Finland,,
1002528,Savio,Natural gas,Medium heavy distillates,CHP,,3.9,,Keravan Energia Oy,,Savion voimalaitos,,,,,,,,,,,,Finnish Energy Authority,http://www.energiavirasto.fi/en/voimalaitosrekisteri,,,,,,,,Finland National Grid,PL 37,Kerava,4201,Finland,,
1002306,Aittaluoto 1,Peat,Industrial wood residues,,,20.8,,Pori Energia Oy,,Pori Aittaluoto 1,,,,,,,,,,,,Finnish Energy Authority,http://www.energiavirasto.fi/en/voimalaitosrekisteri,,,,,,,,Finland National Grid,PL 9 (Radanvarsi 2),PORI,28101,Finland,,
1002341,Honkalahti,Biomass,Natural gas,CHP,,3.8,,Stora Enso Timber Oy Ltd,,Honkalahti,,,,,,,,,,,,Finnish Energy Authority,http://www.energiavirasto.fi/en/voimalaitosrekisteri,,,,,,,,Finland National Grid,PL 12,JOUTSENO,54101,Finland,,
1002511,Raahen tuulipuisto tv 1- 9,Wind,,,,20.7,,Suomen Hyötytuuli Oy,,Raahe tv 1-9,,,,,,,,,,,,Finnish Energy Authority,http://www.energiavirasto.fi/en/voimalaitosrekisteri,,,,,,,,Finland National Grid,Radanvarsi 2,Pori,28100,Finland,,
1002602,Ämmäkoski,Hydro,,,,3.8,,Kainuun Voima Oy,,Ämmäkoski,,,,,,,,,,,,Finnish Energy Authority,http://www.energiavirasto.fi/en/voimalaitosrekisteri,,,,,,,,Finland National Grid,Tehdaskatu 17,PL 302,87101 Kajaani,Finland,,
1002312,"Anjalankoski, G1",Hydro,,,,20,,Kemijoki Oy,,Anjalankoski,,,,,,,,,,,,Finnish Energy Authority,http://www.energiavirasto.fi/en/voimalaitosrekisteri,,,,,,,,Finland National Grid,PL 8131,ROVANIEMI,96101,Finland,,
1002344,Hämeenkyrö lä,Biomass,Natural gas,CHP,,20,,Hämeenkyrön voima Oy,,"Metsä Board, Kyron tehdasalue Hämeenkyrö",,,,,,,,,,,,Finnish Energy Authority,http://www.energiavirasto.fi/en/voimalaitosrekisteri,,,,,,,,Finland National Grid,Töölönkatu 4,Helsinki,100,Finland,,
1002679,Kytölä,Wind,,,,19.8,,Kytölän Tuulipuisto Ky,,Kytölä,,,,,,,,,,,,Finnish Energy Authority,http://www.energiavirasto.fi/en/voimalaitosrekisteri,,,,,,,,Finland National Grid,"c/o Taaleritehdas Oy, Kluuvikatu 3",Helsinki,100,Finland,,
1002609,Björknäs kraftvärmeverk,Biomass,,CHP,,3.7,,Raseborgs stad / Ekenäs Energi,,Björknäs kraftvärmeverk,,,,,,,,,,,,Finnish Energy Authority,http://www.energiavirasto.fi/en/voimalaitosrekisteri,,,,,,,,Finland National Grid,"PB 31, Kungsgatan 14",Ekenäs,10601,Finland,,
1002600,Äetsä,Hydro,,,,19.7,,UPM-Kymmene Oyj,,Äetsä,,,,,,,,,,,,Finnish Energy Authority,http://www.energiavirasto.fi/en/voimalaitosrekisteri,,,,,,,,Finland National Grid,Ky-35,Kuusankoski,45700,Finland,,
1002518,Riihimäki (Ekokem),Waste,Heavy distillates,CHP,,19.6,,EKOKEM OY AB,,"Kuulojankatu 1, 11120 RIIHIMÄKI",,,,,,,,,,,,Finnish Energy Authority,http://www.energiavirasto.fi/en/voimalaitosrekisteri,,,,,,,,Finland National Grid,PL 181,RIIHIMÄKI,11101,Finland,,
1002663,Wasa Wind,Wind,,,,3.6,,Wasa Wind Oy,,"Myrgrundintie 346 B, 65410 Vaasa",,,,,,,,,,,,Finnish Energy Authority,http://www.energiavirasto.fi/en/voimalaitosrekisteri,,,,,,,,Finland National Grid,Yrittäjänkatu 13,Vaasa,65380,Finland,,
1002646,Nyby-Ii,Wind,,,,19.2,,Nybyn Tuulipuisto Ky,,Nyby,,,,,,,,,,,,Finnish Energy Authority,http://www.energiavirasto.fi/en/voimalaitosrekisteri,,,,,,,,Finland National Grid,"c/o Taaleritehdas Oyj, Kluuvikatu 3",Helsinki,100,Finland,,
1002576,Varkaus lä,Biomass,Industrial wood residues,CHP,,82.8,,Varenso Oy,,Varkaus,,,,,,,,,,,,Finnish Energy Authority,http://www.energiavirasto.fi/en/voimalaitosrekisteri,,,,,,,,Finland National Grid,"Ahlströminkatu 26-28, PL185",Varkaus,78201,Finland,,
1002510,"Raahe, TG01, TG02",Coal,Coke,,,82,,Rautaruukki Oyj,,"Raahe, TG01, TG02",,,,,,,,,,,,Finnish Energy Authority,http://www.energiavirasto.fi/en/voimalaitosrekisteri,,,,,,,,Finland National Grid,PL 138,Helsinki,811,Finland,,
1002633,Vantaan jätevoimala,Natural Gas,Natural gas,,,81.4,,Vantaan Energia Oy,,Vantaan Jätevoimala,,,,,,,,,,,,Finnish Energy Authority,http://www.energiavirasto.fi/en/voimalaitosrekisteri,,,,,,,,Finland National Grid,Peltolantie 27,Vantaa,1610,Finland,,
1002359,Jouttikallio,Oil,,,,3.1,,Vattenfall Sähköntuotanto oy,,Lapua / Jouttikallio,,,,,,,,,,,,Finnish Energy Authority,http://www.energiavirasto.fi/en/voimalaitosrekisteri,,,,,,,,Finland National Grid,Maaistraatinportti 4 A,Helsinki,240,Finland,,
1002636,Simo Leipiö,Wind,,,,18,,Tuuliwatti Oy,,Simo Leipiö,,,,,,,,,,,,Finnish Energy Authority,http://www.energiavirasto.fi/en/voimalaitosrekisteri,,,,,,,,Finland National Grid,Purotie 1,PL 100,(00)381,Finland,,
1002673,Hailikari,Wind,,,,3.1,,Haminan Energia Oy,,Hailikari,,,,,,,,,,,,Finnish Energy Authority,http://www.energiavirasto.fi/en/voimalaitosrekisteri,,,,,,,,Finland National Grid,Reutsinkatu 12,Hamina,49400,Finland,,
1002659,Latamäki,Wind,,,,18,,Ilmatar Luhanka Oy,,"Latamäki, Luhanka",,,,,,,,,,,,Finnish Energy Authority,http://www.energiavirasto.fi/en/voimalaitosrekisteri,,,,,,,,Finland National Grid,Bulevardi 7,Helsinki,120,Finland,,
1002675,Koirakari,Wind,,,,3.1,,Haminan Energia Oy,,Koirakari,,,,,,,,,,,,Finnish Energy Authority,http://www.energiavirasto.fi/en/voimalaitosrekisteri,,,,,,,,Finland National Grid,Reutsinkatu 12,Hamina,49400,Finland,,
1002529,Savonlinna,Biomass,Forest fuelwood,CHP,,17.5,,Järvi-Suomen Voima Oy,,Savonlinna,,,,,,,,,,,,Finnish Energy Authority,http://www.energiavirasto.fi/en/voimalaitosrekisteri,,,,,,,,Finland National Grid,Töölönkatu 4,Helsinki,100,Finland,,
1002417,Kristiinankaupunki tv,Wind,,,,3,,Innopower Oy,,Kristiinankaupunki: Kristiina  T1 -T 3 (á 1 MW),,,,,,,,,,,,Finnish Energy Authority,http://www.energiavirasto.fi/en/voimalaitosrekisteri,,,,,,,,Finland National Grid,"Töölönkatu 4, PL40",Helsinki,101,Finland,,
1002669,Puuska 2,Wind,,,,16.5,,Rajakiiri Oy,,Puuska 2,,,,,,,,,,,,Finnish Energy Authority,http://www.energiavirasto.fi/en/voimalaitosrekisteri,,,,,,,,Finland National Grid,Kirkkopuistikko 0,Vaasa,65100,Finland,,
1002657,Mustilankangas,Wind,,,,72.6,,Tuuliwatti Oy,,Kalajoki Mustilankangas,,,,,,,,,,,,Finnish Energy Authority,http://www.energiavirasto.fi/en/voimalaitosrekisteri,,,,,,,,Finland National Grid,Purotie 1,PL 100,(00)381,Finland,,
1002346,Hämeenlinna,Natural Gas,Medium heavy distillates,CHP,,65,,Elenia Lämpö Oy,,Hämeenlinna,,,,,,,,,,,,Finnish Energy Authority,http://www.energiavirasto.fi/en/voimalaitosrekisteri,,,,,,,,Finland National Grid,Voimatie 32,Hämeenlinna,13110,Finland,,
1002548,Sälevä,Hydro,,,,3,,Savon Voima Oyj,,"Lapinlahti, Itäkoskentie 53, Paloinen",,,,,,,,,,,,Finnish Energy Authority,http://www.energiavirasto.fi/en/voimalaitosrekisteri,,,,,,,,Finland National Grid,PL 1024,Toivala,70901,Finland,,
1002522,"Röyttä, Tornion tehtaat, 11 generaattoria",Oil,,,,16,,Outokumpu Stainless Oy,,Tornion Tehtaat Röyttä,,,,,,,,,,,,Finnish Energy Authority,http://www.energiavirasto.fi/en/voimalaitosrekisteri,,,,,,,,Finland National Grid,Tornion Tehtaat,95400,95400,Finland,,
1002347,Iisalmi,Peat,,CHP,,15,,Savon Voima Oyj,,"Iisalmi, Energiakuja 3",,,,,,,,,,,,Finnish Energy Authority,http://www.energiavirasto.fi/en/voimalaitosrekisteri,,,,,,,,Finland National Grid,PL 1024,Toivala,70901,Finland,,
1002661,Rasmus 1 ja 2,Wind,,,,3,,Koskenkorvan Tuulivoima Oy,,"Rasmus 1 ja 2, Ilmajoki",,,,,,,,,,,,Finnish Energy Authority,http://www.energiavirasto.fi/en/voimalaitosrekisteri,,,,,,,,Finland National Grid,"c/o Tapani Lehtonen, Tiilitie 210",Koskenkorva,61330,Finland,,
1002632,Tuulipuisto Ristiveto tv,Wind,,,,15,,Oy Perhonjoki Ab,,Merjärvi,,,,,,,,,,,,Finnish Energy Authority,http://www.energiavirasto.fi/en/voimalaitosrekisteri,,,,,,,,Finland National Grid,Storgatan 8,Pietarsaari,68600,Finland,,
1002681,LW Pensala,Wind,,,,3,,Årvas Wind Ab,,Norrpiggvägen,,,,,,,,,,,,Finnish Energy Authority,http://www.energiavirasto.fi/en/voimalaitosrekisteri,,,,,,,,Finland National Grid,Backasvägen 4,Pensala,66840,Finland,,
1002660,Svalskulla,Wind,,,,15,,VindIn Svalskulla Ab/Oy,,"Svalskulla, Närpiö",,,,,,,,,,,,Finnish Energy Authority,http://www.energiavirasto.fi/en/voimalaitosrekisteri,,,,,,,,Finland National Grid,c/o Accounting Services Tilimatic Mannerheimintie 16 A 3,Helsinki,100,Finland,,
1002682,LW Mustaisneva 6,Wind,,,,3,,Suotuuli Oy,,Halmeen metsätie 29,,,,,,,,,,,,Finnish Energy Authority,http://www.energiavirasto.fi/en/voimalaitosrekisteri,,,,,,,,Finland National Grid,Kokonkyläntie 257,Kauhajoki,61800,Finland,,
1002508,Pyhännänkoski,Hydro,,,,2.9,,Kainuun Energia Oy,,Ristijärvi (Pyhännänkoski,,,,,,,,,,,,Finnish Energy Authority,http://www.energiavirasto.fi/en/voimalaitosrekisteri,,,,,,,,Finland National Grid,Ahontie 1,Kajaani,87101,Finland,,
1002612,Ämmässuo,Biomass,,CHP,,14.42,,Helsingin seudun ympäristöpalvelut -kuntayhtymä (HSY),,Ämmässuon jätteenkäsittelykeskus,,,,,,,,,,,,Finnish Energy Authority,http://www.energiavirasto.fi/en/voimalaitosrekisteri,,,,,,,,Finland National Grid,PL 100,HSY,66,Finland,,
1002588,Vilppulan saha,Biomass,Industrial wood residues,CHP,,2.9,,Biokraft Oy,,Vilppula,,,,,,,,,,,,Finnish Energy Authority,http://www.energiavirasto.fi/en/voimalaitosrekisteri,,,,,,,,Finland National Grid,c/o Vapo Oy,PL 22,40101,Finland,,
1002426,Kuusaanniemi,Biomass,Natural gas,CHP,,64,,UPM-Kymmene Oyj,,Kuusanniemi,,,,,,,,,,,,Finnish Energy Authority,http://www.energiavirasto.fi/en/voimalaitosrekisteri,,,,,,,,Finland National Grid,Ky-35,Kuusankoski,45700,Finland,,
1002416,Kristiinankaupunki kt,Oil,,,,60,,Fingrid Oyj,,"Kristiinankaupunki kt 1, 2",,,,,,,,,,,,Finnish Energy Authority,http://www.energiavirasto.fi/en/voimalaitosrekisteri,,,,,,,,Finland National Grid,PL 530 ( Arkadiakatu 23 B),Helsinki,100,Finland,,
1002365,Jylhämä,Hydro,,,,55,,"Fortum Power & Heat , Generation",,Jylhämä,,,,,,,,,,,,Finnish Energy Authority,http://www.energiavirasto.fi/en/voimalaitosrekisteri,,,,,,,,Finland National Grid,Keilaniementie 1,PL 100,00048 Fortum,Finland,,
1002639,Pori Peittoo,Wind,,,,54,,Tuuliwatti Oy,,Pori Peittoo,,,,,,,,,,,,Finnish Energy Authority,http://www.energiavirasto.fi/en/voimalaitosrekisteri,,,,,,,,Finland National Grid,Purotie 1,PL 100,(00)381,Finland,,
1002651,Torkkolan tuulipuisto,Wind,,,,52.8,,EPV Tuulivoima Oy,,Torkkola,,,,,,,,,,,,Finnish Energy Authority,http://www.energiavirasto.fi/en/voimalaitosrekisteri,,,,,,,,Finland National Grid,Kirkkopuistikko 0,Vaasa,65100,Finland,,
1002551,Tahkoluoto kt,Peat,,,,52,,Fingrid Oyj,,"Tahkoluoto kt 1, 2",127.779,,,,,,,,,,,Finnish Energy Authority,http://www.energiavirasto.fi/en/voimalaitosrekisteri,ENTSOE (for generation only),https://transparency.entsoe.eu/generation/r2/installedCapacityPerProductionUnit/show,,,,,,Finland National Grid,PL 530 ( Arkadiakatu 23 B),Helsinki,100,Finland,,
1002601,Ämmä,Hydro,,,,14,,"Fortum Power & Heat , Generation",,Ämmä,,,,,,,,,,,,Finnish Energy Authority,http://www.energiavirasto.fi/en/voimalaitosrekisteri,,,,,,,,Finland National Grid,Keilaniementie 1,PL 100,00048 Fortum,Finland,,
1002393,Kiimassuo,Peat,Medium heavy distillates,CHP,,13.5,,Vapo Oy,,Forssa,,,,,,,,,,,,Finnish Energy Authority,http://www.energiavirasto.fi/en/voimalaitosrekisteri,,,,,,,,Finland National Grid,PL 22,Jyväskylä,40101,Finland,,
1002565,Tyrvää,Hydro,,,,13.5,,UPM-Kymmene Oyj,,Tyrvää,,,,,,,,,,,,Finnish Energy Authority,http://www.energiavirasto.fi/en/voimalaitosrekisteri,,,,,,,,Finland National Grid,Ky-35,Kuusankoski,37601,Finland,,
1002642,Westenergy jätteenpolttolaitos,Natural Gas,,,,13.2,,Vaasan Sähkö Oy (Westenergy Oy Ab),,"Energiatie 37, 66530 Koivulahti",,,,,,,,,,,,Finnish Energy Authority,http://www.energiavirasto.fi/en/voimalaitosrekisteri,,,,,,,,Finland National Grid,PL 26,Vaasa,65101,Finland,,
1002671,Pyhänkoski,Wind,,,,13.2,,CHORUS Wind Pyhänkoski Oy,,Pyhänkoski,,,,,,,,,,,,Finnish Energy Authority,http://www.energiavirasto.fi/en/voimalaitosrekisteri,,,,,,,,Finland National Grid,Elielinaukio 5B,Helsinki,100,Finland,,
1002497,Porin tuulipuisto tv 1 - 10,Wind,,,,13,,Suomen Hyötytuuli Oy,,Pori (Tahkoluoto / Reposaari),,,,,,,,,,,,Finnish Energy Authority,http://www.energiavirasto.fi/en/voimalaitosrekisteri,,,,,,,,Finland National Grid,Radanvarsi 2,PORI,28100,Finland,,
1002345,Hämeenkyrö ve,Hydro,,,,12.9,,KYRÖSKOSKEN VOIMA OY,,Kyröskoski,,,,,,,,,,,,Finnish Energy Authority,http://www.energiavirasto.fi/en/voimalaitosrekisteri,,,,,,,,Finland National Grid,"PL 12 /co Vatajankosken Sähkö Oy, vakka suomen voima",Kankaanpää,38701,Finland,,
1002683,Tammervoima,Natural Gas,Medium heavy distillates,,,12.3,,Tammervoima Oy,,Tammervoima / Hyötyvoimankuja 1,,,,,,,,,,,,Finnish Energy Authority,http://www.energiavirasto.fi/en/voimalaitosrekisteri,,,,,,,,Finland National Grid,Voimakatu 17,Tampere,33100,Finland,,
1002342,Hovinsaari,Peat,,CHP,,51,,Kotkan Energia Oy,,Hovinsaari,,,,,,,,,,,,Finnish Energy Authority,http://www.energiavirasto.fi/en/voimalaitosrekisteri,,,,,,,,Finland National Grid,Kotkantie 2,Kotka,48100,Finland,,
1002509,Pälli,Hydro,,,,50.7,,"Fortum Power & Heat , Generation",,Pälli,,,,,,,,,,,,Finnish Energy Authority,http://www.energiavirasto.fi/en/voimalaitosrekisteri,,,,,,,,Finland National Grid,Keilaniementie 1,PL 100,00048 Fortum,Finland,,
1002603,Äänekoski,Biomass,Heavy distillates,CHP,,48,,Metsä Fibre Oy,,Metsä Fibre Äänekosken tehdas,,,,,,,,,,,,Finnish Energy Authority,http://www.energiavirasto.fi/en/voimalaitosrekisteri,,,,,,,,Finland National Grid,Revontulentie 6,Espoo,2100,Finland,,
1002456,Montta,Hydro,,,,47.3,,"Fortum Power & Heat , Generation",,Montta,,,,,,,,,,,,Finnish Energy Authority,http://www.energiavirasto.fi/en/voimalaitosrekisteri,,,,,,,,Finland National Grid,Keilaniementie 1,PL 100,00048 Fortum,Finland,,
1002668,Myllykangas,Wind,,,,45.6,,Myllykankaan tuulipuisto Ky,,Myllykangas,,,,,,,,,,,,Finnish Energy Authority,http://www.energiavirasto.fi/en/voimalaitosrekisteri,,,,,,,,Finland National Grid,Tuulijärventie 1338,Kuivaniemi,95100,Finland,,
1002337,Hinkismäki,Natural Gas,Medium heavy distillates,CHP,,45,,KSS Energia Oy,,Kouvola / Hinkismäki,,,,,,,,,,,,Finnish Energy Authority,http://www.energiavirasto.fi/en/voimalaitosrekisteri,,,,,,,,Finland National Grid,Paimenpolku 3,Kouvola,45100,Finland,,
1002374,Kallioinen,Hydro,,,,12,,UPM-Kymmene Oyj,,Kallioinen,,,,,,,,,,,,Finnish Energy Authority,http://www.energiavirasto.fi/en/voimalaitosrekisteri,,,,,,,,Finland National Grid,Ky-35,Kuusankoski,45700,Finland,,
1002463,Mänttä lä,Natural Gas,Forest fuelwood,CHP,,12,,Mäntän Energia Oy,,Tehtaankatu 20 Mänttä,,,,,,,,,,,,Finnish Energy Authority,http://www.energiavirasto.fi/en/voimalaitosrekisteri,,,,,,,,Finland National Grid,Lampilinnantie 4,Mänttä,35800,Finland,,
1002674,Jokelan tuulipuisto 1,Wind,,,,12,,wpd Jokelan Tuulipuisto Oy,,Jokelan tuulipuisto 1,,,,,,,,,,,,Finnish Energy Authority,http://www.energiavirasto.fi/en/voimalaitosrekisteri,,,,,,,,Finland National Grid,c/o wpd Finland Oy Keilaranta 13,Espoo,2150,Finland,,
1002674,Jokelan tuulipuisto 2,Wind,,,,12,,wpd Jokelan Tuulipuisto Oy,,Jokelan tuulipuisto 2,,,,,,,,,,,,Finnish Energy Authority,http://www.energiavirasto.fi/en/voimalaitosrekisteri,,,,,,,,Finland National Grid,c/o wpd Finland Oy Keilaranta 13,Espoo,2150,Finland,,
1002676,Jokelan tuulipuisto 3,Wind,,,,12,,wpd Jokelan Tuulipuisto Oy,,Jokelan tuulipuisto 3,,,,,,,,,,,,Finnish Energy Authority,http://www.energiavirasto.fi/en/voimalaitosrekisteri,,,,,,,,Finland National Grid,c/o wpd Finland Oy Keilaranta 13,Espoo,2150,Finland,,
1002317,Energia-Tietola,Natural Gas,,,,11.6,,Valkeakosken Energia Oy,,Energia-Tietola,,,,,,,,,,,,Finnish Energy Authority,http://www.energiavirasto.fi/en/voimalaitosrekisteri,,,,,,,,Finland National Grid,PL 89,Valkeakoski,37601,Finland,,
1002558,Tervakoski lä,Natural gas,Heavy distillates,CHP,,11.4,,Tervakoski Oy,,Tervakoski,,,,,,,,,,,,Finnish Energy Authority,http://www.energiavirasto.fi/en/voimalaitosrekisteri,,,,,,,,Finland National Grid,Vähikkäläntie 1,Tervakoski,12400,Finland,,
1002366,Jämsänkoski bv,Biomass,Peat,CHP,,43,,UPM-Kymmene Oyj,,Jämsänkosken tehtaan voimalaitos,,,,,,,,,,,,Finnish Energy Authority,http://www.energiavirasto.fi/en/voimalaitosrekisteri,,,,,,,,Finland National Grid,PL35,Jämsänkoski,42301,Finland,,
1002559,Tervasaari lä,Biomass,Natural gas,CHP,,41,,UPM-Kymmene Oyj,,Tervasaari VP2 ja 3,,,,,,,,,,,,Finnish Energy Authority,http://www.energiavirasto.fi/en/voimalaitosrekisteri,,,,,,,,Finland National Grid,Ky-35,Kuusankoski,37601,Finland,,
1002664,Kymijärvi 2,Natural Gas,Natural gas,,,40,,Lahti Energia Oy,,"Kymijärvi2 Voimakatu 16, Lahti",,,,,,,,,,,,Finnish Energy Authority,http://www.energiavirasto.fi/en/voimalaitosrekisteri,,,,,,,,Finland National Grid,,,15141,Finland,,
1002473,Olkiluoto 1,Nuclear,,,,880,,Teollisuuden Voima Oyj,,Olkiluoto 1,7223.129,,,,,,,,61.2371,21.4433,,Finnish Energy Authority,http://www.energiavirasto.fi/en/voimalaitosrekisteri,ENTSOE (for generation only),https://transparency.entsoe.eu/generation/r2/installedCapacityPerProductionUnit/show,,,,,,Finland National Grid,Olkiluoto,Olkiluoto,27160,Finland,,GEODB
1002473,Olkiluoto 2,Nuclear,,,,880,,Teollisuuden Voima Oyj,,Olkiluoto 2,6685.583,,,,,,,,61.2371,21.4433,,Finnish Energy Authority,http://www.energiavirasto.fi/en/voimalaitosrekisteri,ENTSOE (for generation only),https://transparency.entsoe.eu/generation/r2/installedCapacityPerProductionUnit/show,,,,,,Finland National Grid,Olkiluoto,Olkiluoto,27160,Finland,,GEODB
1002454,Meri-Pori,Coal,Heavy distillates,,,565,,"Fortum Power & Heat , Generation",,Meri-Pori,473.718,,,,,,,,61.6317,21.4068,,Finnish Energy Authority,http://www.energiavirasto.fi/en/voimalaitosrekisteri,ENTSOE (for generation only),https://transparency.entsoe.eu/generation/r2/installedCapacityPerProductionUnit/show,,,,,,Finland National Grid,Keilaniementie 1,PL 100,00048 Fortum,Finland,,GEODB
1002445,Loviisa Y1,Nuclear,,,,496,,"Fortum Power & Heat , Power",,Loviisa I,3911.809,,,,,,,,60.3708,26.3468,,Finnish Energy Authority,http://www.energiavirasto.fi/en/voimalaitosrekisteri,ENTSOE (for generation only),https://transparency.entsoe.eu/generation/r2/installedCapacityPerProductionUnit/show,,,,,,Finland National Grid,Keilaniementie 1,PL 100,00048 Fortum,Finland,,GEODB
1002445,Loviisa Y2,Nuclear,,,,496,,"Fortum Power & Heat , Power",,Loviisa II,3926.634,,,,,,,,60.3708,26.3468,,Finnish Energy Authority,http://www.energiavirasto.fi/en/voimalaitosrekisteri,ENTSOE (for generation only),https://transparency.entsoe.eu/generation/r2/installedCapacityPerProductionUnit/show,,,,,,Finland National Grid,Keilaniementie 1,PL 100,00048 Fortum,Finland,,GEODB
1002594,Vuosaari B,Natural Gas,Medium heavy distillates,CHP,,485,,Helsingin Energia,,Vuosaari B-voimalaitos,2892.226,,,,,,,,60.2199,25.1692,,Finnish Energy Authority,http://www.energiavirasto.fi/en/voimalaitosrekisteri,ENTSOE (for generation only),https://transparency.entsoe.eu/generation/r2/installedCapacityPerProductionUnit/show,,,,,,Finland National Grid,Kampinkuja 2,HELEN,90,Finland,,GEODB
1002578,Vaskiluoto 2,Coal,Heavy distillates,CHP,,230,,Vaskiluodon Voima Oy,,Vaasa ( Vaskiluoto 2 ),930.881,,,,,,,,63.0914,21.5539,,Finnish Energy Authority,http://www.energiavirasto.fi/en/voimalaitosrekisteri,ENTSOE (for generation only),https://transparency.entsoe.eu/generation/r2/installedCapacityPerProductionUnit/show,,,,,,Finland National Grid,Frilundintie 7,Vaasa,65170,Finland,,GEODB
1002325,Hanasaari B,Coal,Heavy distillates,CHP,,212,,Helsingin Energia,,Hanasaari B,635.153,,,,,,,,60.1841,24.9711,,Finnish Energy Authority,http://www.energiavirasto.fi/en/voimalaitosrekisteri,ENTSOE (for generation only),https://transparency.entsoe.eu/generation/r2/installedCapacityPerProductionUnit/show,,,,,,Finland National Grid,Kampinkuja 2,HELEN,90,Finland,,GEODB
1002350,Imatra,Hydro,,,,192,,Fortum Power & Heat OY,,Imatra,,,,,,,,,61.1669,28.7745,,Fortum Refurbishing 2014,https://www.fortum.com/SiteCollectionDocuments/Products%20and%20services/References/Imatra-EN.pdf,,,,,,,,Finland National Grid,Keilaniementie 1,PL 100,00048 Fortum,Finland,,GEODB
1002450,Martinlaakso,Natural Gas,Natural gas,CHP,,171.7,,Vantaan Energia Oy,,Martinlaakso,,,,,,,,,60.2833,24.8364,,Finnish Energy Authority,http://www.energiavirasto.fi/en/voimalaitosrekisteri,,,,,,,,Finland National Grid,Peltolantie 27,Vantaa,1300,Finland,,GEODB
1002525,Salmisaari B,Coal,Heavy distillates,CHP,,163,,Helsingin Energia,,Salmisaaren voimalaitos,604.686,,,,,,,,60.1656,24.9048,,Finnish Energy Authority,http://www.energiavirasto.fi/en/voimalaitosrekisteri,ENTSOE (for generation only),https://transparency.entsoe.eu/generation/r2/installedCapacityPerProductionUnit/show,,,,,,Finland National Grid,Kampinkuja 2,HELEN,90,Finland,,GEODB
1002593,Vuosaari A,Natural Gas,Medium heavy distillates,CHP,,163,,Helsingin Energia,,Vuosaari A-voimalaitos,,,,,,,,,60.2199,25.1692,,Finnish Energy Authority,http://www.energiavirasto.fi/en/voimalaitosrekisteri,,,,,,,,Finland National Grid,Kampinkuja 2,HELEN,90,Finland,,GEODB
1002492,Pietarsaari (Wisapower Oy),Biomass,Heavy distillates,CHP,,116,,UPM-Kymmene Oyj Wisaforest,,"Pietarsaari, Wisapower",,,,,,,,,63.70194,22.70972,,Finnish Energy Authority,http://www.energiavirasto.fi/en/voimalaitosrekisteri,,,,,,,,Finland National Grid,Ky-35,Kuusankoski,45700,Finland,,GEODB
1002474,Olkiluoto kt,Separate electricity production,,,,100.5,,Fingrid Oyj,,"Olkiluoto KT 1 ja 2, Eurajoki",,,,,,,,,61.2371,21.4433,,Finnish Energy Authority,http://www.energiavirasto.fi/en/voimalaitosrekisteri,,,,,,,,Finland National Grid,PL 530 (Arkadiankatu 23 B),Helsinki,100,Finland,,GEODB
1002552,Tainionkoski,Hydro,,,,61.5,,"Fortum Power & Heat , Generation",,Tainionkoski,,,,,,,,,61.2104,28.7834,,Finnish Energy Authority,http://www.energiavirasto.fi/en/voimalaitosrekisteri,,,,,,,,Finland National Grid,Keilaniementie 1,PL 100,00048 Fortum,Finland,,GEODB
1002356,Joensuu,Biomass,Peat,CHP,,2.8,,UPM-Kymmene Oyj,,Joensuu,,,,,,,,,64.6666667,27.1333333,,Finnish Energy Authority,http://www.energiavirasto.fi/en/voimalaitosrekisteri,,,,,,,,Finland National Grid,Ky-35,Kuusankoski,45700,Finland,,CARMA
1002368,Kaaranneskoski,Hydro,,,,2.8,,Tornionlaakson Voima Oy-,,Kaaranneskoski,,,,,,,,,66.3833333,23.7,,Finnish Energy Authority,http://www.energiavirasto.fi/en/voimalaitosrekisteri,,,,,,,,Finland National Grid,Myllytie 1,Pello,95700,Finland,,CARMA
1002322,Haapavesi,Natural Gas,Forest fuelwood,CHP,,2.7,,Vapo Oy,,Forssa,,,,,,,,,64.1333333,25.3666667,,Finnish Energy Authority,http://www.energiavirasto.fi/en/voimalaitosrekisteri,,,,,,,,Finland National Grid,PL 22,Jyväskylä,40101,Finland,,CARMA
1002323,Hamari,Hydro,,,,2.5,,Korpelan Voima kuntayhtymä,,"Hamari, Ylivieska",,,,,,,,,65.7,25.1666667,,Finnish Energy Authority,http://www.energiavirasto.fi/en/voimalaitosrekisteri,,,,,,,,Finland National Grid,PL 13,Kannus,69101,Finland,,CARMA
1002487,Patalankoski,Hydro,,,,2.4,,UPM-Kymmene Oyj,,Patala,,,,,,,,,62.8166667,30.4166667,,Finnish Energy Authority,http://www.energiavirasto.fi/en/voimalaitosrekisteri,,,,,,,,Finland National Grid,Ky-35,Kuusankoski,45700,Finland,,CARMA
1002488,Peltokoski,Hydro,,,,2.3,,Koskienergia Koskivoima Oy,,"Peltokoski, Karjaa",,,,,,,,,63.85,23.3666667,,Finnish Energy Authority,http://www.energiavirasto.fi/en/voimalaitosrekisteri,,,,,,,,Finland National Grid,Kotakennääntie 31,Äänekoski,44100,Finland,,CARMA
1002617,Tahkoluoto Offshore tv,Wind,,,,2.3,,Suomen Hyötytuuli Oy,,"Pori, Tahkoluodon edusta",,,,,,,,,61.4833333,21.7833333,,Finnish Energy Authority,http://www.energiavirasto.fi/en/voimalaitosrekisteri,,,,,,,,Finland National Grid,PL 9,Pori,28101,Finland,,CARMA
1002382,Kattilakoski,Hydro,,,,2.1,,Oy HERRFORS Ab,,Kattilakoski,,,,,,,,,63.4666667,23.3,,Finnish Energy Authority,http://www.energiavirasto.fi/en/voimalaitosrekisteri,,,,,,,,Finland National Grid,Storgatan 8,68600 Jakobstad,,Finland,,CARMA
1002405,Kokkola tv 1 ja 2,Wind,,,,2,,Innopower Oy,,"Kokkola T1, T2 (á 1 MW)",,,,,,,,,63.8333333,23.0333333,,Finnish Energy Authority,http://www.energiavirasto.fi/en/voimalaitosrekisteri,,,,,,,,Finland National Grid,"Töölönkatu 4, PL40",Helsinki,101,Finland,,CARMA
1002421,Kuokkastenkoski,Hydro,,,,2,,Pohjois-Karjalan Sähkö Oy,,"Nurmes, Kuokkastenkoski",,,,,,,,,63.5333333,28.9666667,,Finnish Energy Authority,http://www.energiavirasto.fi/en/voimalaitosrekisteri,,,,,,,,Finland National Grid,Rantakatu 29,Joensuu,80100,Finland,,CARMA
1002451,Matarakoski,Hydro,,,,11,,Kemijoki Oy,,Matarakoski,,,,,,,,,67.4166667,26.6,,Finnish Energy Authority,http://www.energiavirasto.fi/en/voimalaitosrekisteri,,,,,,,,Finland National Grid,PL 8131,ROVANIEMI,96101,Finland,,CARMA
1002498,Portimokoski,Hydro,,,,11,,Tornionlaakson Voima Oy-,,Portimokoski,,,,,,,,,61.9,23.05,,Finnish Energy Authority,http://www.energiavirasto.fi/en/voimalaitosrekisteri,,,,,,,,Finland National Grid,Myllytie 1,Pello,95700,Finland,,CARMA
1002670,Huikku Hailuoto,Wind,,,,2,,Huikku Tuulivoima Oy,,Huikku Hailuoto,,,,,,,,,65.00900122,24.71385241,,Finnish Energy Authority,http://www.energiavirasto.fi/en/voimalaitosrekisteri,,,,,,,,Finland National Grid,,,,Finland,,CARMA
1002480,Oulunsalo Riutunkari tv,Wind,,,,10.3,,Innopower Oy,,"Oulunsalo, Riutunkari T1-T6",,,,,,,,,64.93456183,25.41120529,,Finnish Energy Authority,http://www.energiavirasto.fi/en/voimalaitosrekisteri,,,,,,,,Finland National Grid,"Töölönkatu 4, PL40",Helsinki,101,Finland,,CARMA
1002448,Maavesi,Hydro,,,,1.9,,Savon Voima Oyj,,"Joroinen, Katajamäentie 1461, Maavesi",,,,,,,,,62.25997347,27.54358292,,Finnish Energy Authority,http://www.energiavirasto.fi/en/voimalaitosrekisteri,,,,,,,,Finland National Grid,PL 1024,Toivala,70901,Finland,,CARMA
1002362,Juntola,Hydro,,,,1.8,,Koskienergia Koskivoima Oy,,"Juntola, Paimio",,,,,,,,,62.95,25.2,,Finnish Energy Authority,http://www.energiavirasto.fi/en/voimalaitosrekisteri,,,,,,,,Finland National Grid,Kotakennääntie 31,Äänekoski,44100,Finland,,CARMA
1002388,Kelukoski,Hydro,,,,9.8,,Kemijoki Oy,,Kelukoski,,,,,,,,,67.4166667,26.6,,Finnish Energy Authority,http://www.energiavirasto.fi/en/voimalaitosrekisteri,,,,,,,,Finland National Grid,PL 8131,ROVANIEMI,96101,Finland,,CARMA
1002592,Vuolenkoski ve,Hydro,,,,9.5,,Myllykoski Paper Oy,,Vuolenkosken vesivoimalaitos,,,,,,,,,61.0833333,26.1333333,,Finnish Energy Authority,http://www.energiavirasto.fi/en/voimalaitosrekisteri,,,,,,,,Finland National Grid,Myllykoskentie 1,Anjalankoski,46800,Finland,,CARMA
1002533,Siikakoski,Hydro,,,,1.8,,KSS Energia Oy,,Valkeala / Siikakoski,,,,,,,,,62.5666667,26.4,,Finnish Energy Authority,http://www.energiavirasto.fi/en/voimalaitosrekisteri,,,,,,,,Finland National Grid,Paimenpolku 3,Kouvola,45100,Finland,,CARMA
1002538,Soilu,Hydro,,,,1.8,,Koskienergia Koskivoima Oy,,Soilu,,,,,,,,,62.5666667,26.4,,Finnish Energy Authority,http://www.energiavirasto.fi/en/voimalaitosrekisteri,,,,,,,,Finland National Grid,Kotakennääntie 31,Äänekoski,44100,Finland,,CARMA
1002584,Venetpalo,Hydro,,,,1.8,,Vattenfall Sähköntuotanto oy,,Kärsämäki / Venetpalo,,,,,,,,,63.9,25.7833333,,Finnish Energy Authority,http://www.energiavirasto.fi/en/voimalaitosrekisteri,,,,,,,,Finland National Grid,Maaistraatinportti 4 A,Helsinki,240,Finland,,CARMA
1002591,Voikkaa ve 1,Hydro,,,,8.9,,UPM-Kymmene Oyj,,Voikkaa 1,,,,,,,,,60.9333333,26.6166667,,Finnish Energy Authority,http://www.energiavirasto.fi/en/voimalaitosrekisteri,,,,,,,,Finland National Grid,Ky-35,Kuusankoski,45700,Finland,,CARMA
1002555,Tammerkoski,Hydro,,,,8.6,,Tampereen Sähkölaitos,,Tammerkoski,,,,,,,,,61.49911321,23.787117,,Finnish Energy Authority,http://www.energiavirasto.fi/en/voimalaitosrekisteri,,,,,,,,Finland National Grid,PL 175,TAMPERE,33101,Finland,,CARMA
1002398,Kissakoski,Hydro,,,,1.6,,SUUR-SAVON SÄHKÖ Oy,,"Hirvensalmi, Kissakoski",,,,,,,,,61.6,26.7333333,,Finnish Energy Authority,http://www.energiavirasto.fi/en/voimalaitosrekisteri,,,,,,,,Finland National Grid,"Otto Mannisen katu 6, PL 3",Mikkeli,50101,Finland,,CARMA
1002339,Hirvikoski,Hydro,,,,8.5,,Vattenfall Sähköntuotanto oy,,Nurmo / Hirvikoski,,,,,,,,,63.6166667,29.1166667,,Finnish Energy Authority,http://www.energiavirasto.fi/en/voimalaitosrekisteri,,,,,,,,Finland National Grid,Maaistraatinportti 4 A,Helsinki,240,Finland,,CARMA
1002523,Saario,Hydro,,,,1.6,,Pohjois-Karjalan Sähkö Oy,,"Tohmajärvi, Saario",,,,,,,,,62.25,30.5,,Finnish Energy Authority,http://www.energiavirasto.fi/en/voimalaitosrekisteri,,,,,,,,Finland National Grid,Rantakatu 29,Joensuu,80100,Finland,,CARMA
1002409,Korkeakoski,Hydro,,,,8.5,,Kolsin Vesivoimantuotanto Oy,,Korkeakosken voimalaitos Kotka,,,,,,,,,61.79714562,24.37231064,,Finnish Energy Authority,http://www.energiavirasto.fi/en/voimalaitosrekisteri,,,,,,,,Finland National Grid,Kolsintie 230,KOKEMÄKI,32800,Finland,,CARMA
1002634,Lumijoki,Wind,,,,1.6,,Lumituuli Oy,,Lumijoki,,,,,,,,,64.83744406,25.1860714,,Finnish Energy Authority,http://www.energiavirasto.fi/en/voimalaitosrekisteri,,,,,,,,Finland National Grid,Eerikinkatu 27,Helsinki,180,Finland,,CARMA
1002519,Ristiina,Biomass,Heavy distillates,CHP,,8.5,,Järvi-Suomen Voima Oy,,Ristiina,,,,,,,,,63.1,28.1833333,,Finnish Energy Authority,http://www.energiavirasto.fi/en/voimalaitosrekisteri,,,,,,,,Finland National Grid,Töölönkatu 4,Helsinki,100,Finland,,CARMA
1002461,Myllykoski vp,Natural Gas,Medium heavy distillates,CHP,,32.8,,UPM,,"Myllykoskentie 1, Anjalankoski",,,,,,,,,65.9666667,29.1833333,,Finnish Energy Authority,http://www.energiavirasto.fi/en/voimalaitosrekisteri,,,,,,,,Finland National Grid,Hatanpään Valtatie,Tampere,240,Finland,,CARMA
1002483,Palokki,Hydro,,,,6.8,,Pohjois-Karjalan Sähkö Oy,,"Heinävesi, Palokki",,,,,,,,,62.4333333,28.6,,Finnish Energy Authority,http://www.energiavirasto.fi/en/voimalaitosrekisteri,,,,,,,,Finland National Grid,Rantakatu 29,Joensuu,80100,Finland,,CARMA
1002541,Sotkamo,Peat,Medium heavy distillates,CHP,,1.3,,Vapo Oy,,Sotkamo,,,,,,,,,64.1333333,28.4166667,,Finnish Energy Authority,http://www.energiavirasto.fi/en/voimalaitosrekisteri,,,,,,,,Finland National Grid,PL 22,Jyväskylä,40101,Finland,,CARMA
1002319,Haapakoski,Hydro,,,,32.5,,PVO Vesivoima Oy,,haapakoski,,,,,,,,,65.3333333,25.2833333,,Finnish Energy Authority,http://www.energiavirasto.fi/en/voimalaitosrekisteri,,,,,,,,Finland National Grid,Virkkulantie 207,91100 Ii,91100,Finland,,CARMA
1002334,Hietamankoski,Hydro,,,,6.7,,Vattenfall Sähköntuotanto oy,,Äänekoski / Hietamankoski,,,,,,,,,65.7666667,24.4,,Finnish Energy Authority,http://www.energiavirasto.fi/en/voimalaitosrekisteri,,,,,,,,Finland National Grid,Maaistraatinportti 4 A,Helsinki,240,Finland,,CARMA
1002375,Kaltimo,Hydro,,,,32,,UPM-Kymmene Oyj,,Kaltimo,,,,,,,,,62.8,30.15,,Finnish Energy Authority,http://www.energiavirasto.fi/en/voimalaitosrekisteri,,,,,,,,Finland National Grid,KY-35,Kuusankoski,45700,Finland,,CARMA
1002505,Pursiala 2,Peat,Industrial wood residues,CHP,,32,,Etelä-Savon Energia Oy,,Pursiala 2,,,,,,,,,61.68856962,27.27227211,,Finnish Energy Authority,http://www.energiavirasto.fi/en/voimalaitosrekisteri,,,,,,,,Finland National Grid,Vuorikatu 19,MIKKELI,50100,Finland,,CARMA
1002369,Kaarni,Hydro,,,,1.2,,Rovakairan Tuotanto Oy,,Kaarni,,,,,,,,,61.0,28.5166667,,Finnish Energy Authority,http://www.energiavirasto.fi/en/voimalaitosrekisteri,,,,,,,,Finland National Grid,PL 8013,Rovaniemi,96101,Finland,,CARMA
1002410,Koskensaari,Oil,,,,1.2,,Helsingin Rauta Oy,,Koskensaaren voimalaitos,,,,,,,,,61.7666667,28.7666667,,Finnish Energy Authority,http://www.energiavirasto.fi/en/voimalaitosrekisteri,,,,,,,,Finland National Grid,Naulatehtaantie 27,KINTAUS,41920,Finland,,CARMA
1002403,Kokkola,Peat,Heavy distillates,CHP,,30,,Kokkolan Energia Oy,,Kokkolan voimalaitos,,,,,,,,,63.8333333,23.0333333,,Finnish Energy Authority,http://www.energiavirasto.fi/en/voimalaitosrekisteri,,,,,,,,Finland National Grid,PL 165,Kokkola,67101,Finland,,CARMA
1002314,Atro,Hydro,,,,6.5,,Savon Voima Oyj,,"Lapinlahti, Voimalaitoksentie 1, Syvärinpää",,,,,,,,,62.89238221,27.67702818,,Finnish Energy Authority,http://www.energiavirasto.fi/en/voimalaitosrekisteri,,,,,,,,Finland National Grid,PL 1024,Toivala,70901,Finland,,CARMA
1002429,Kuusankoski ve,Hydro,,,,30,,UPM-Kymmene Oyj,,Kuusankoski,,,,,,,,,60.9,26.6333333,,Finnish Energy Authority,http://www.energiavirasto.fi/en/voimalaitosrekisteri,,,,,,,,Finland National Grid,Ky-35,Kuusankoski,45700,Finland,,CARMA
1002524,Sallila,Hydro,,,,1.2,,Sallila Energia Oy,,Sallila (Vampulan kunnassa),,,,,,,,,62.3666667,29.4333333,,Finnish Energy Authority,http://www.energiavirasto.fi/en/voimalaitosrekisteri,,,,,,,,Finland National Grid,Loimijoentie 65,Alastaro,32440,Finland,,CARMA
1002449,Mankala,Hydro,,,,30,,Oy Mankala Ab,,Mankala,,,,,,,,,60.89488171,26.33869171,,Finnish Energy Authority,http://www.energiavirasto.fi/en/voimalaitosrekisteri,,,,,,,,Finland National Grid,Sitikkalantie 189,KAUSALA,47400,Finland,,CARMA
1002330,Harjavalta,Oil,,CHP,,6.3,,Suomen Teollisuuden Energiapalvelut - STEP Oy,,Harjavalta,,,,,,,,,61.3166667,22.1333333,,Finnish Energy Authority,http://www.energiavirasto.fi/en/voimalaitosrekisteri,,,,,,,,Finland National Grid,PL 9 (Radanvarsi 2),Pori,28101,Finland,,CARMA
1002338,Hinkua,Hydro,,,,6.3,,Vattenfall Sähköntuotanto oy,,Haapajärvi / Hinkua,,,,,,,,,63.75,25.3333333,,Finnish Energy Authority,http://www.energiavirasto.fi/en/voimalaitosrekisteri,,,,,,,,Finland National Grid,Maaistraatinportti 4 A,Helsinki,240,Finland,,CARMA
1002466,"Naantali, G1, 2 ja 3",Natural Gas,Heavy distillates,CHP,,290,,Turun Seudun Energiantuotanto Oy,,Naantalin voimalaitos,817.67,,,,,,,,60.458965,22.054516,,Finnish Energy Authority,http://www.energiavirasto.fi/en/voimalaitosrekisteri,ENTSOE (for generation only),https://transparency.entsoe.eu/generation/r2/installedCapacityPerProductionUnit/show,,,,,,Finland National Grid,PL 547,FORTUM,48,Finland,,CARMA
1002563,Toppila 1 ja 2,Peat,Industrial wood residues,CHP,,195,,Oulun Energia,,"Tervahovintie 10, Oulu, Toppilan voimalaitokset",354.963,,,,,,,,65.01235972,25.46816468,,Finnish Energy Authority,http://www.energiavirasto.fi/en/voimalaitosrekisteri,ENTSOE (for generation only),https://transparency.entsoe.eu/generation/r2/installedCapacityPerProductionUnit/show,,,,,,Finland National Grid,"Kasarmintie 6, PL 116",Oulu,90101,Finland,,CARMA
1002343,Huutokoski kt,Oil,,CHP,,180,,Fingrid Oyj,,"Huutokoski kt 1, 2, 3, 4, 5, 6",,,,,,,,,62.9,29.4,,Finnish Energy Authority,http://www.energiavirasto.fi/en/voimalaitosrekisteri,,,,,,,,Finland National Grid,PL 530 ( Arkadiakatu 23 B),Helsinki,100,Finland,,CARMA
1002598,Ylivieska,Peat,,CHP,,6.2,,Oy Perhonjoki AB,,"Tulolantien voimalaitos, Ylivieska, Vieskan Voima",,,,,,,,,64.0833333,24.55,,Finnish Energy Authority,http://www.energiavirasto.fi/en/voimalaitosrekisteri,,,,,,,,Finland National Grid,Isokatu 8,68600 Pietarsaari,100,Finland,,CARMA
1002611,Tornio tv,Wind,,,,28.8,,Rajakiiri Oy,,Tornio; tuulivoimalaitokset A1-A8,,,,,,,,,65.84811007,24.14661884,,Finnish Energy Authority,http://www.energiavirasto.fi/en/voimalaitosrekisteri,,,,,,,,Finland National Grid,Frilundintie 7,Vaasa,65170,Finland,,CARMA
1002348,Ikaalinen,Natural Gas,,CHP,,6,,Leppäkosken Sähkö Oy,,Ikaalinen,,,,,,,,,61.76950971,23.0657959,,Finnish Energy Authority,http://www.energiavirasto.fi/en/voimalaitosrekisteri,,,,,,,,Finland National Grid,PL 1,Ikaalinen,39501,Finland,,CARMA
1002478,Oulu T210 ja T213,Peat,Industrial wood residues,CHP,,28,,Laanilan Voima Oy,,Oulu,,,,,,,,,65.01235972,25.46816468,,Finnish Energy Authority,http://www.energiavirasto.fi/en/voimalaitosrekisteri,,,,,,,,Finland National Grid,PL 191  (Typpitie),Oulu,90101,Finland,,CARMA
1002427,Kuusamo,Biomass,Peat,CHP,,6,,Adven Oy,,Kuusamon voimalaitos,,,,,,,,,65.9666667,29.1833333,,Finnish Energy Authority,http://www.energiavirasto.fi/en/voimalaitosrekisteri,,,,,,,,Finland National Grid,PL 162,Vantaa,1511,Finland,,CARMA
1002355,Jalasjoki/Niiles,Hydro,,,,1,,Koskienergia Koskivoima Oy,,"Jalasjoki (Niiles), Kurikka",,,,,,,,,61.34029145,21.53749466,,Finnish Energy Authority,http://www.energiavirasto.fi/en/voimalaitosrekisteri,,,,,,,,Finland National Grid,Kotakennääntie 31,Äänekoski,44100,Finland,,CARMA
1002505,Pursiala 1,Peat,Industrial wood residues,CHP,,27.7,,Etelä-Savon Energia Oy,,Pursiala 1,,,,,,,,,61.68856962,27.27227211,,Finnish Energy Authority,http://www.energiavirasto.fi/en/voimalaitosrekisteri,,,,,,,,Finland National Grid,Vuorikatu 19,MIKKELI,50100,Finland,,CARMA
1002424,Kurkiaska,Hydro,,,,27,,Kemijoki Oy,,Kurkiaska,,,,,,,,,67.4166667,26.6,,Finnish Energy Authority,http://www.energiavirasto.fi/en/voimalaitosrekisteri,,,,,,,,Finland National Grid,PL 8131,ROVANIEMI,96101,Finland,,CARMA
1002475,Olkiluoto tv,Wind,,,,1,,Teollisuuden Voima Oyj,,Olkiluoto / OLT1,,,,,,,,,61.23694444,21.44083333,,Finnish Energy Authority,http://www.energiavirasto.fi/en/voimalaitosrekisteri,,,,,,,,Finland National Grid,Olkiluoto,Eurajoki,27160,Finland,,CARMA
1002395,Kiltua,Hydro,,,,5.6,,Savon Voima Oyj,,"Sonkajärvi, Kiltuantie 1129 A, Jyrkkä",,,,,,,,,62.89238221,27.67702818,,Finnish Energy Authority,http://www.energiavirasto.fi/en/voimalaitosrekisteri,,,,,,,,Finland National Grid,PL 1024,Toivala,70901,Finland,,CARMA
1002481,Padinki,Hydro,,,,1,,Korpelan Voima kuntayhtymä,,"Padinki, Nivala",,,,,,,,,64.7,24.5833333,,Finnish Energy Authority,http://www.energiavirasto.fi/en/voimalaitosrekisteri,,,,,,,,Finland National Grid,PL 13,Kannus,69101,Finland,,CARMA
1002397,Kirkniemi,Natural Gas,Medium heavy distillates,CHP,,128,,Sappi Finland Oy,,"Kirkniemi, Kirkniemen voimalaitos",,,,,,,,,60.18429397,23.94598961,,Finnish Energy Authority,http://www.energiavirasto.fi/en/voimalaitosrekisteri,,,,,,,,Finland National Grid,,Lohja,8800,Finland,,CARMA
1002476,Ossauskoski,Hydro,,,,124,,Kemijoki Oy,,Ossauskoski,,,,,,,,,66.0833333,24.8,,Finnish Energy Authority,http://www.energiavirasto.fi/en/voimalaitosrekisteri,,,,,,,,Finland National Grid,PL 8131,ROVANIEMI,96101,Finland,,CARMA
1002615,"Lappeenranta, Kaukaan tehdas",Biomass,Natural gas,CHP,,119,,Kaukaan Voima Oy,,,176.829,,,,,,,,61.0587111,28.18870783,,Finnish Energy Authority,http://www.energiavirasto.fi/en/voimalaitosrekisteri,ENTSOE (for generation only),https://transparency.entsoe.eu/generation/r2/installedCapacityPerProductionUnit/show,,,,,,Finland National Grid,Kaukaantie 16,Lappeenranta,53200,Finland,,CARMA
1002320,Haapaniemi,Peat,Heavy distillates,,,118.1,,Kuopion Energia Oy,,Haapaniemen voimalaitos,,,,,,,,,62.89238221,27.67702818,,Finnish Energy Authority,http://www.energiavirasto.fi/en/voimalaitosrekisteri,,,,,,,,Finland National Grid,PL105,Kuopio,Kuopio,Finland,,CARMA
1002386,Kellosaari,Oil,,,,118,,Helsingin Energia,,Kellosaari,,,,,,,,,60.16952474,24.93544579,,Finnish Energy Authority,http://www.energiavirasto.fi/en/voimalaitosrekisteri,,,,,,,,Finland National Grid,Kampinkuja 2,HELEN,90,Finland,,CARMA
1002354,Isohaara,Hydro,,,,106,,PVO Vesivoima Oy,,isohaara,,,,,,,,,67.5166667,24.7833333,,Finnish Energy Authority,http://www.energiavirasto.fi/en/voimalaitosrekisteri,,,,,,,,Finland National Grid,Virkkulantie 207,91100 Ii,91100,Finland,,CARMA
1002305,Ahvenkoski,Hydro,,,,24,,Oy Mankala Ab,,Ahvenkoski,,,,,,,,,60.5,26.5,,Finnish Energy Authority,http://www.energiavirasto.fi/en/voimalaitosrekisteri,,,,,,,,Finland National Grid,Sitikkalantie 189,KAUSALA,47400,Finland,,CARMA
1002378,Karjalankoski,Hydro,,,,4.5,,Savon Voima Oyj,,"Juankoski, Pohjolantie 10",,,,,,,,,62.89238221,27.67702818,,Finnish Energy Authority,http://www.energiavirasto.fi/en/voimalaitosrekisteri,,,,,,,,Finland National Grid,PL 1024,Toivala,70901,Finland,,CARMA
1002591,Voikkaa ve 2,Hydro,,,,24,,UPM-Kymmene Oyj,,Voikkaa 2,,,,,,,,,60.9333333,26.6166667,,Finnish Energy Authority,http://www.energiavirasto.fi/en/voimalaitosrekisteri,,,,,,,,Finland National Grid,Ky-35,Valkeakoski,45700,Finland,,CARMA
1002394,Killinkoski,Hydro,,,,4.5,,Killin Voima Oy,,Killinkoski,,,,,,,,,62.4,23.8666667,,Finnish Energy Authority,http://www.energiavirasto.fi/en/voimalaitosrekisteri,,,,,,,,Finland National Grid,PL 25,Virrat,34801,Finland,,CARMA
1002318,Finlayson ve,Hydro,,,,4.19,,Tampereen Sähkölaitos,,Finlayson ve,,,,,,,,,61.49911321,23.787117,,Finnish Energy Authority,http://www.energiavirasto.fi/en/voimalaitosrekisteri,,,,,,,,Finland National Grid,PL 175,TAMPERE,33101,Finland,,CARMA
1002437,Leppikoski,Hydro,,,,21,,"Fortum Power & Heat , Generation",,Leppikoski,,,,,,,,,64.2,24.5,,Finnish Energy Authority,http://www.energiavirasto.fi/en/voimalaitosrekisteri,,,,,,,,Finland National Grid,Keilaniementie 1,PL 100,00048 Fortum,Finland,,CARMA
1002572,Vajukoski,Hydro,,,,21,,Kemijoki Oy,,Vajukoski,,,,,,,,,67.4166667,26.6,,Finnish Energy Authority,http://www.energiavirasto.fi/en/voimalaitosrekisteri,,,,,,,,Finland National Grid,PL 8131,ROVANIEMI,96101,Finland,,CARMA
1002477,Oulu,Biomass,Industrial wood residues,CHP,,105,,"Stora Enso Oyj, Oulun tehdas",,Oulu,,,,,,,,,65.01235972,25.46816468,,Finnish Energy Authority,http://www.energiavirasto.fi/en/voimalaitosrekisteri,,,,,,,,Finland National Grid,PL 196,Oulu,90101,Finland,,CARMA
1002566,Uimaharju 2 + 1 vp/lv,Biomass,Industrial wood residues,CHP,,105,,Enocell Oy,,Uimaharju,,,,,,,,,62.9166667,30.25,,Finnish Energy Authority,http://www.energiavirasto.fi/en/voimalaitosrekisteri,,,,,,,,Finland National Grid,PL 2,Uimaharju,81281,Finland,,CARMA
1002455,Mertaniemi 1 ja 2,Separate electricity production,Natural gas,,,102,,Lappeenrannan Lämpövoima Oy,,Mertaniemi 2,,,,,,,,,61.0587111,28.18870783,,Finnish Energy Authority,http://www.energiavirasto.fi/en/voimalaitosrekisteri,,,,,,,,Finland National Grid,PL 191,Lappeenranta,53101,Finland,,CARMA
1002573,Valajaskoski,Hydro,,,,101,,Kemijoki Oy,,Valajaskoski,,,,,,,,,66.5,25.7166667,,Finnish Energy Authority,http://www.energiavirasto.fi/en/voimalaitosrekisteri,,,,,,,,Finland National Grid,PL 8131,ROVANIEMI,96101,Finland,,CARMA
1002583,Veitsiluoto,Biomass,Industrial wood residues,CHP,,90,,Stora Enso Oyj,,Veitsiluoto,,,,,,,,,65.73641156,24.56371307,,Finnish Energy Authority,http://www.energiavirasto.fi/en/voimalaitosrekisteri,,,,,,,,Finland National Grid,Veitsiluodon tehtaat,Kemi,94800,Finland,,CARMA
1002358,Joutseno,Biomass,Natural gas,CHP,,85,,Metsä Fibre Oy,,Metsä Fibre Joutsenon tehdas,,,,,,,,,61.11795665,28.50763321,,Finnish Energy Authority,http://www.energiavirasto.fi/en/voimalaitosrekisteri,,,,,,,,Finland National Grid,Revontulentie 6,Espoo,2100,Finland,,CARMA
1002385,Kavo,Peat,Industrial wood residues,CHP,,85,,Kainuun Voima Oy,,Kavo,,,,,,,,,64.22728399,27.72846222,,Finnish Energy Authority,http://www.energiavirasto.fi/en/voimalaitosrekisteri,,,,,,,,Finland National Grid,Tehdaskatu 17,PL 302,87101 Kajaani,Finland,,CARMA
1002484,Pamilo,Hydro,,,,85,,Pamilo Oy,,Pamilon vesivoimalaitos,,,,,,,,,62.8,30.15,,Finnish Energy Authority,http://www.energiavirasto.fi/en/voimalaitosrekisteri,,,,,,,,Finland National Grid,Tuohivaarantie 40,Luhtapohja,81330,Finland,,CARMA
1002422,"Kuopio, Savon Sellu",Biomass,Peat,CHP,,20.5,,Savon Sellu OY,,Savon Sellu Vastapainevoimalaitos,,,,,,,,,62.879874,27.676752,,Finnish Energy Authority,http://www.energiavirasto.fi/en/voimalaitosrekisteri,,,,,,,,Finland National Grid,PL57  (Käyntiosoite Sorsasalo),KUOPIO,70101,Finland,,CARMA
1002363,Juotas,Hydro,,,,3.7,,Keski-Lapin voima Oy,,Juotas,,,,,,,,,63.5,22.5333333,,Finnish Energy Authority,http://www.energiavirasto.fi/en/voimalaitosrekisteri,,,,,,,,Finland National Grid,PL  49,Kemijärvi,98101,Finland,,CARMA
1002391,Kerava,Natural Gas,Medium heavy distillates,CHP,,3.7,,Keravan Energia Oy,,Alikeravan voimalaitos,,,,,,,,,60.40338347,25.10500431,,Finnish Energy Authority,http://www.energiavirasto.fi/en/voimalaitosrekisteri,,,,,,,,Finland National Grid,PL 37,Kerava,4201,Finland,,CARMA
1002567,Uljua,Hydro,,,,3.7,,Vattenfall Sähköntuotanto oy,,Pulkkila / Uljua,,,,,,,,,64.3333333,25.85,,Finnish Energy Authority,http://www.energiavirasto.fi/en/voimalaitosrekisteri,,,,,,,,Finland National Grid,Maaistraatinportti 4 A,Helsinki,240,Finland,,CARMA
1002570,Vaaja,Hydro,,,,3.6,,SUUR-SAVON SÄHKÖ Oy,,"Vaajakoski, Jyväskylän mlk",,,,,,,,,63.09600131,21.61577225,,Finnish Energy Authority,http://www.energiavirasto.fi/en/voimalaitosrekisteri,,,,,,,,Finland National Grid,Otto Mannisen katu 6,Mikkeli,50101,Finland,,CARMA
1002622,"Huittinen, Pahkionvuori tv",Wind,,,,3.6,,Lännen Lintu Oy,,"Pahkionvuori, Huittinen",,,,,,,,,61.1833333,22.7,,Finnish Energy Authority,http://www.energiavirasto.fi/en/voimalaitosrekisteri,,,,,,,,Finland National Grid,Matomäentie 100,32710 Sampu,,Finland,,CARMA
1002404,Kokkola,Peat,Industrial wood residues,CHP,,19.5,,Kokkolan Voima Oy,,Kokkola,,,,,,,,,63.8333333,23.0333333,,Finnish Energy Authority,http://www.energiavirasto.fi/en/voimalaitosrekisteri,,,,,,,,Finland National Grid,Voimalantie 17,Kokkola,67900,Finland,,CARMA
1002496,Pori,Peat,Medium heavy distillates,CHP,,81.4,,Porin Prosessivoima Oy,,"Titaanitie, 28840 PORI",,,,,,,,,61.4833333,21.7833333,,Finnish Energy Authority,http://www.energiavirasto.fi/en/voimalaitosrekisteri,,,,,,,,Finland National Grid,Töölönkatu 4,00101 Helsinki,,Finland,,CARMA
1002471,Nuojua,Hydro,,,,81,,"Fortum Power & Heat , Generation",,Nuojua,,,,,,,,,64.5666667,26.6666667,,Finnish Energy Authority,http://www.energiavirasto.fi/en/voimalaitosrekisteri,,,,,,,,Finland National Grid,Keilaniementie 1,PL 100,00048 Fortum,Finland,,CARMA
1002357,Joensuu,Natural Gas,Industrial wood residues,CHP,,68,,Fortum Power and Heat Oy,,Joensuun voimalaitos,,,,,,,,,64.6666667,27.1333333,,Finnish Energy Authority,http://www.energiavirasto.fi/en/voimalaitosrekisteri,,,,,,,,Finland National Grid,PL 100,FORTUM,48,Finland,,CARMA
1002434,Lappeenranta TG9,Biomass,Heavy distillates,CHP,,67.3,,UPM-Kymmene Oyj,,Lappeenranta TG9,,,,,,,,,61.0587111,28.18870783,,Finnish Energy Authority,http://www.energiavirasto.fi/en/voimalaitosrekisteri,,,,,,,,Finland National Grid,Ky-35,Kuusankoski,45700,Finland,,CARMA
1002472,Oksava,Hydro,,,,3,,Vattenfall Sähköntuotanto oy,,Haapajärvi / Oksava,,,,,,,,,63.75,25.3333333,,Finnish Energy Authority,http://www.energiavirasto.fi/en/voimalaitosrekisteri,,,,,,,,Finland National Grid,Maaistraatinportti 4 A,Helsinki,240,Finland,,CARMA
1002441,Lieksankoski,Hydro,,,,16,,Kemijoki Oy,,Lieksankoski,,,,,,,,,63.366667,30.7,,Finnish Energy Authority,http://www.energiavirasto.fi/en/voimalaitosrekisteri,,,,,,,,Finland National Grid,PL 8131,ROVANIEMI,96101,Finland,,CARMA
1002560,Tervasaari ve,Hydro,,,,3,,UPM-Kymmene Oyj,,Tervasaari vesi,,,,,,,,,61.26420869,24.03121948,,Finnish Energy Authority,http://www.energiavirasto.fi/en/voimalaitosrekisteri,,,,,,,,Finland National Grid,Ky-35,Kuusankoski,45700,Finland,,CARMA
1002585,Verla 1 ja 2,Hydro,,,,3,,KSS Energia Oy,,Valkeala / Verla,,,,,,,,,61.0666667,26.6333333,,Finnish Energy Authority,http://www.energiavirasto.fi/en/voimalaitosrekisteri,,,,,,,,Finland National Grid,Paimenpolku 3,Kouvola,45100,Finland,,CARMA
1002423,Kurittukoski,Hydro,,,,15,,Kemijoki Oy,,Kurittukoski,,,,,,,,,67.4166667,26.6,,Finnish Energy Authority,http://www.energiavirasto.fi/en/voimalaitosrekisteri,,,,,,,,Finland National Grid,PL 8131,ROVANIEMI,96101,Finland,,CARMA
1002618,Tahkoluoto tv,Wind,,,,3,,Tuuliwatti Oy,,"Pori, Tahkoluoto",,,,,,,,,61.4833333,21.7833333,,Finnish Energy Authority,http://www.energiavirasto.fi/en/voimalaitosrekisteri,,,,,,,,Finland National Grid,Purotie 1,PL 100,(00)381,Finland,,CARMA
1002485,Pankakoski,Hydro,,,,15,,Kemijoki Oy,,Pankakoski,,,,,,,,,63.3166667,30.15,,Finnish Energy Authority,http://www.energiavirasto.fi/en/voimalaitosrekisteri,,,,,,,,Finland National Grid,PL 8131,ROVANIEMI,96101,Finland,,CARMA
1002540,Sopenkorpi,Oil,,,,14.5,,Lahti Energia Oy,,"Sopenkorpi Mestarinkatu 11, Lahti",,,,,,,,,60.98267402,25.66150904,,Finnish Energy Authority,http://www.energiavirasto.fi/en/voimalaitosrekisteri,,,,,,,,Finland National Grid,,,15141,Finland,,CARMA
1002569,Uusikaupunki,Oil,Heavy distillates,CHP,,14.2,,Yara Suomi Oy,,"Uusukaupunki, Hangonsaari",,,,,,,,,60.80043075,21.4084053,,Finnish Energy Authority,http://www.energiavirasto.fi/en/voimalaitosrekisteri,,,,,,,,Finland National Grid,PL 5 Uusikaupunki,Uusikaupunki,23501,Finland,,CARMA
1002467,Naistenlahti 2,Natural Gas,Forest fuelwood,CHP,,62.2,,Tampereen Sähkölaitos,,Naistenlahti 2,,,,,,,,,61.49911321,23.787117,,Finnish Energy Authority,http://www.energiavirasto.fi/en/voimalaitosrekisteri,,,,,,,,Finland National Grid,PL 175,TAMPERE,33101,Finland,,CARMA
1002512,Raasakka,Hydro,,,,60,,PVO Vesivoima Oy,,raasakka,,,,,,,,,65.4666667,27.5166667,,Finnish Energy Authority,http://www.energiavirasto.fi/en/voimalaitosrekisteri,,,,,,,,Finland National Grid,Virkkulantie 207,91100 Ii,91100,Finland,,CARMA
1002568,Utanen,Hydro,,,,57.8,,"Fortum Power & Heat , Generation",,Utanen,,,,,,,,,64.7333333,26.5,,Finnish Energy Authority,http://www.energiavirasto.fi/en/voimalaitosrekisteri,,,,,,,,Finland National Grid,Keilaniementie 1,PL 100,00048 Fortum,Finland,,CARMA
1002489,Permantokoski,Hydro,,,,14,,Kemijoki Oy,,Permantokoski,,,,,,,,,66.5,25.7166667,,Finnish Energy Authority,http://www.energiavirasto.fi/en/voimalaitosrekisteri,,,,,,,,Finland National Grid,PL 8131,ROVANIEMI,96101,Finland,,CARMA
1002526,Salo,Peat,Industrial wood residues,CHP,,13.5,,Voimavasu Oy,,Salo,,,,,,,,,60.3833333,23.1333333,,Finnish Energy Authority,http://www.energiavirasto.fi/en/voimalaitosrekisteri,,,,,,,,Finland National Grid,PL 22,Jyväskylä,40101,Finland,,CARMA
1002574,Vanaja kt 1,Oil,,,,50,,Fingrid Oyj,,Vanaja kt,,,,,,,,,60.99596297,24.46434259,,Finnish Energy Authority,http://www.energiavirasto.fi/en/voimalaitosrekisteri,,,,,,,,Finland National Grid,PL 530 ( Arkadiakatu 23 B),Helsinki,100,Finland,,CARMA
1002502,Porvoo kt 2,Natural Gas,Medium heavy distillates,CHP,,48,,Neste Oil Oy,,Porvoo kt 2,,,,,,,,,60.3066667,25.5505556,,Finnish Energy Authority,http://www.energiavirasto.fi/en/voimalaitosrekisteri,,,,,,,,Finland National Grid,PL 310,Porvoo,6101,Finland,,CARMA
1002407,Kolsi,Hydro,,,,45,,Kolsin Vesivoimantuotanto Oy,,Kolsin voimalaitos Kokemäki,,,,,,,,,61.25647056,22.35642672,,Finnish Energy Authority,http://www.energiavirasto.fi/en/voimalaitosrekisteri,,,,,,,,Finland National Grid,Kolsintie 230,KOKEMÄKI,32800,Finland,,CARMA
1002307,Aittokoski,Hydro,,,,44.8,,"Fortum Power & Heat , Generation",,Aittokoski,,,,,,,,,63.7833333,25.9666667,,Finnish Energy Authority,http://www.energiavirasto.fi/en/voimalaitosrekisteri,,,,,,,,Finland National Grid,Keilaniementie 1,PL 100,00048 Fortum,Finland,,CARMA
1002613,Summa tv,Wind,,,,12,,Haminan Energia,,Summa tv,,,,,,,,,60.56974382,27.19794273,,Finnish Energy Authority,http://www.energiavirasto.fi/en/voimalaitosrekisteri,,,,,,,,Finland National Grid,Reutsinkatu 12,Hamina,49400,Finland,,CARMA
1002381,Katerma,Hydro,,,,11.5,,UPM-Kymmene Oyj,,Katerma,,,,,,,,,64.15,28.95,,Finnish Energy Authority,http://www.energiavirasto.fi/en/voimalaitosrekisteri,,,,,,,,Finland National Grid,Ky-35,Kuusankoski,45700,Finland,,CARMA
1002627,"Tolkkinen, Biolaitos",Biomass,Industrial wood residues,CHP,,11.3,,Porvoon Energia Oy,,"Tolkkinen, Biolaitos",,,,,,,,,60.39232815,25.66507101,,Finnish Energy Authority,http://www.energiavirasto.fi/en/voimalaitosrekisteri,,,,,,,,Finland National Grid,Mannerheiminkatu 24,Porvoo,6100,Finland,,CARMA
1002482,Pahkakoski,Hydro,,,,42.1,,PVO Vesivoima Oy,,pahkakoski,,,,,,,,,65.35,26.0833333,,Finnish Energy Authority,http://www.energiavirasto.fi/en/voimalaitosrekisteri,,,,,,,,Finland National Grid,Virkkulantie 207,91100 Ii,91100,Finland,,CARMA
1002453,Merikoski,Hydro,,,,42,,Oulun Energia,,"Koskitie 30, Oulu, Merikosken voimalaitos",,,,,,,,,65.02607487,25.47064304,,Finnish Energy Authority,http://www.energiavirasto.fi/en/voimalaitosrekisteri,,,,,,,,Finland National Grid,"Kasarmintie 6, PL 116",Oulu,90101,Finland,,CARMA
1002444,Loviisa kt,Unknown,,,,40,,Fingrid Oyj,,"Loviisa kt 1, 2",,,,,,,,,60.37222222,26.34722222,,Finnish Energy Authority,http://www.energiavirasto.fi/en/voimalaitosrekisteri,,,,,,,,Finland National Grid,PL 530 ( Arkadiakatu 23 B),Helsinki,100,Finland,,CARMA
1002465,Naantali kt,Separate electricity production,,,,40,,Fingrid Oyj,,"Naantali kt 1, 2",,,,,,,,,60.458965,22.054516,,Finnish Energy Authority,http://www.energiavirasto.fi/en/voimalaitosrekisteri,,,,,,,,Finland National Grid,PL 530 ( Arkadiakatu 23 B),Helsinki,100,Finland,,CARMA
1002503,Porvoo Tolkkinen,Oil,,,,40,,Fingrid Oyj,,"Tolkkinen kt 1, 2",,,,,,,,,60.39232815,25.66507101,,Finnish Energy Authority,http://www.energiavirasto.fi/en/voimalaitosrekisteri,,,,,,,,Finland National Grid,PL 530 ( Arkadiakatu 23 B),Helsinki,100,Finland,,CARMA
1002564,Tornio,Peat,Forest fuelwood,CHP,,39.3,,Tornion Voima Oy,,Tornio; Tornion voimalaitos,,,,,,,,,65.84811007,24.14661884,,Finnish Energy Authority,http://www.energiavirasto.fi/en/voimalaitosrekisteri,,,,,,,,Finland National Grid,"c/o Etelä-Pohjanmaan Voima Oy, Frilundintie 7",Vaasa,65170,Finland,,CARMA
1002447,Maalismaa,Hydro,,,,38.5,,PVO Vesivoima Oy,,maalismaa,,,,,,,,,65.3333333,25.2833333,,Finnish Energy Authority,http://www.energiavirasto.fi/en/voimalaitosrekisteri,,,,,,,,Finland National Grid,Virkkulantie 207,91100 Ii,91100,Finland,,CARMA
1002326,Hanhikoski,Hydro,,,,1.5,,Vattenfall Sähköntuotanto oy,,Evijärvi / Hanhikoski,,,,,,,,,63.3666667,23.4833333,,Finnish Energy Authority,http://www.energiavirasto.fi/en/voimalaitosrekisteri,,,,,,,,Finland National Grid,Maaistraatinportti 4 A,Helsinki,240,Finland,,CARMA
1002392,Kierikki,Hydro,,,,38,,PVO Vesivoima Oy,,kierikki,,,,,,,,,65.3333333,25.2833333,,Finnish Energy Authority,http://www.energiavirasto.fi/en/voimalaitosrekisteri,,,,,,,,Finland National Grid,Virkkulantie 207,91100 Ii,91100,Finland,,CARMA
1002532,Seitenoikea,Hydro,,,,37.9,,"Fortum Power & Heat , Generation",,Seitenoikea,,,,,,,,,64.6166667,28.4833333,,Finnish Energy Authority,http://www.energiavirasto.fi/en/voimalaitosrekisteri,,,,,,,,Finland National Grid,Keilaniementie 1,PL 100,00048 Fortum,Finland,,CARMA
1002562,Tolkkinen 1,Biomass,Heavy distillates,CHP,,7.8,,Porvoon Energia Oy,,Tolkkinen,,,,,,,,,60.39232815,25.66507101,,Finnish Energy Authority,http://www.energiavirasto.fi/en/voimalaitosrekisteri,,,,,,,,Finland National Grid,,,6100,Finland,,CARMA
1002586,Vihtakoski,Hydro,,,,1.5,,Pohjois-Karjalan Sähkö Oy,,"Joensuu, Vihtakoski",,,,,,,,,62.3833333,30.4666667,,Finnish Energy Authority,http://www.energiavirasto.fi/en/voimalaitosrekisteri,,,,,,,,Finland National Grid,Rantakatu 29,Joensuu,80100,Finland,,CARMA
1002372,Kaitfors,Hydro,,,,7.6,,Oy Perhonjoki Ab,,Kaitfors,,,,,,,,,63.5,22.5166667,,Finnish Energy Authority,http://www.energiavirasto.fi/en/voimalaitosrekisteri,,,,,,,,Finland National Grid,Storgatan 8,68600 Jakobstad,,Finland,,CARMA
1002539,Soininkoski,Hydro,,,,1.42,,Killin Voima Oy,,Soininkoski,,,,,,,,,65.6166667,25.3166667,,Finnish Energy Authority,http://www.energiavirasto.fi/en/voimalaitosrekisteri,,,,,,,,Finland National Grid,PL 25,Virrat,34801,Finland,,CARMA
1002543,Sunila,Biomass,Industrial wood residues,CHP,,35.7,,Stora Enso Oyj,,"Kotka, Sunila",,,,,,,,,61.0,28.3,,Finnish Energy Authority,http://www.energiavirasto.fi/en/voimalaitosrekisteri,,,,,,,,Finland National Grid,Sunilantie 1,Sunila,48900,Finland,,CARMA
1002364,Juva,Hydro,,,,1.4,,Koskienergia Koskivoima Oy,,"Juva, Tarvasjoki",,,,,,,,,61.9,27.85,,Finnish Energy Authority,http://www.energiavirasto.fi/en/voimalaitosrekisteri,,,,,,,,Finland National Grid,Kotakennääntie 31,Äänekoski,44100,Finland,,CARMA
1002499,Porttipahta,Hydro,,,,35,,Kemijoki Oy,,Porttipahta,,,,,,,,,67.4166667,26.6,,Finnish Energy Authority,http://www.energiavirasto.fi/en/voimalaitosrekisteri,,,,,,,,Finland National Grid,PL 8131,ROVANIEMI,96101,Finland,,CARMA
1002313,Askala,Hydro,,,,1.3,,Koskienergia Koskivoima Oy,,"Askala, Paimio",,,,,,,,,60.45670994,22.68693924,,Finnish Energy Authority,http://www.energiavirasto.fi/en/voimalaitosrekisteri,,,,,,,,Finland National Grid,Kotakennääntie 31,Äänekoski,44100,Finland,,CARMA
1002535,Simpele,Peat,Heavy distillates,CHP,,34.5,,Metsä Board Oyj,,Simpele,,,,,,,,,61.4333333,29.3666667,,Finnish Energy Authority,http://www.energiavirasto.fi/en/voimalaitosrekisteri,,,,,,,,Finland National Grid,Revontulentie 6,Espoo,2100,Finland,,CARMA
1002630,"Ii, Kuivaniemi tv",Wind,,,,7,,Vapo Oy,,"Ii, Kuivaniemi tv",,,,,,,,,62.2333333,25.7333333,,Finnish Energy Authority,http://www.energiavirasto.fi/en/voimalaitosrekisteri,,,,,,,,Finland National Grid,PL 22,Jyväskylä,40100,Finland,,CARMA
1002504,Puntarikoski,Hydro,,,,6.9,,Pohjois-Karjalan Sähkö Oy,,"Kontiolahti, Puntarikoski",,,,,,,,,62.6666667,29.6666667,,Finnish Energy Authority,http://www.energiavirasto.fi/en/voimalaitosrekisteri,,,,,,,,Finland National Grid,Rantakatu 29,Joensuu,80100,Finland,,CARMA
1002459,Myllykoski,Hydro,,,,1.3,,Koskienergia Koskivoima Oy,,Myllykoski,,,,,,,,,65.9666667,29.1833333,,Finnish Energy Authority,http://www.energiavirasto.fi/en/voimalaitosrekisteri,,,,,,,,Finland National Grid,Kotakennääntie 31,Äänekoski,44100,Finland,,CARMA
1002335,Hilmonkoski,Hydro,,,,6.8,,Vattenfall Sähköntuotanto oy,,Kannonkoski / Hilmonkoski,,,,,,,,,63.0166667,25.4166667,,Finnish Energy Authority,http://www.energiavirasto.fi/en/voimalaitosrekisteri,,,,,,,,Finland National Grid,Maaistraatinportti 4 A,Helsinki,240,Finland,,CARMA
1002360,Juankoski,Hydro,,,,5.5,,Savon Voima Oyj,,"Juankoski, Juankoskentie 7A",,,,,,,,,62.89238221,27.67702818,,Finnish Energy Authority,http://www.energiavirasto.fi/en/voimalaitosrekisteri,,,,,,,,Finland National Grid,PL 1024,Toivala,70901,Finland,,CARMA
1002321,Haapavesi,Peat,Heavy distillates,,,154,,Kanteleen Voima Oy,,Haapaveden voimalaitos,48.557,,,,,,,,64.1333333,25.3666667,,Finnish Energy Authority,http://www.energiavirasto.fi/en/voimalaitosrekisteri,ENTSOE (for generation only),https://transparency.entsoe.eu/generation/r2/installedCapacityPerProductionUnit/show,,,,,,Finland National Grid,"PL 47, Turvetie 112",Haapavesi,86600,Finland,,CARMA
1002553,Taivalkoski,Hydro,,,,133,,Kemijoki Oy,,Taivalkoski,,,,,,,,,62.4833333,22.9,,Finnish Energy Authority,http://www.energiavirasto.fi/en/voimalaitosrekisteri,,,,,,,,Finland National Grid,PL 8131,ROVANIEMI,96101,Finland,,CARMA
1002494,Pirttikoski,Hydro,,,,131,,Kemijoki Oy,,Pirttikoski,,,,,,,,,66.5,25.7166667,,Finnish Energy Authority,http://www.energiavirasto.fi/en/voimalaitosrekisteri,,,,,,,,Finland National Grid,PL 8131,ROVANIEMI,96101,Finland,,CARMA
1002370,Kaihua,Hydro,,,,5.4,,Rovakairan Tuotanto Oy,,Kaihua I ja II,,,,,,,,,66.35,26.85,,Finnish Energy Authority,http://www.energiavirasto.fi/en/voimalaitosrekisteri,,,,,,,,Finland National Grid,PL 8013,Rovaniemi,96101,Finland,,CARMA
1002433,Lappeenranta kombi,Natural Gas,Light distillates,CHP,,26.3,,UPM-Kymmene Oyj,,Lappeenranta TG8,,,,,,,,,61.0587111,28.18870783,,Finnish Energy Authority,http://www.energiavirasto.fi/en/voimalaitosrekisteri,,,,,,,,Finland National Grid,Ky-35,Kuusankoski,45700,Finland,,CARMA
1002361,Jumisko,Hydro,,,,26,,PVO Vesivoima Oy,,jumisko,,,,,,,,,66.3333333,28.15,,Finnish Energy Authority,http://www.energiavirasto.fi/en/voimalaitosrekisteri,,,,,,,,Finland National Grid,Virkkulantie 207,91100 Ii,91100,Finland,,CARMA
1002580,Vaskiluoto kt,Oil,,,,26,,Fingrid Oyj,,Vaskiluoto kt 2,,,,,,,,,63.04533,21.786339,,Finnish Energy Authority,http://www.energiavirasto.fi/en/voimalaitosrekisteri,,,,,,,,Finland National Grid,PL 530 ( Arkadiakatu 23 B),Helsinki,100,Finland,,CARMA
1002371,Kaipola,Biomass,Peat,CHP,,25,,UPM-Kymmene Oyj,,Kaipola VP3,,,,,,,,,61.81620438,25.23525238,,Finnish Energy Authority,http://www.energiavirasto.fi/en/voimalaitosrekisteri,,,,,,,,Finland National Grid,Ky-35,Kuusankoski,45700,Finland,,CARMA
1002308,Alakoski,Hydro,,,,4.6,,Alakoski Oy,,"Alakoski, Tampere",,,,,,,,,62.55,29.25,,Finnish Energy Authority,http://www.energiavirasto.fi/en/voimalaitosrekisteri,,,,,,,,Finland National Grid,PL166,Mikkeli,50101,Finland,,CARMA
1002408,Koneharju kt,Natural Gas,Medium heavy distillates,CHP,,4.6,,Lahti Energia Oy,,"Koneharju Koneharjunkatu, Lahti",,,,,,,,,60.98267402,25.66150904,,Finnish Energy Authority,http://www.energiavirasto.fi/en/voimalaitosrekisteri,,,,,,,,Finland National Grid,,,15141,Finland,,CARMA
1002406,Kokkosniva,Hydro,,,,25,,Kemijoki Oy,,Kokkosniva,,,,,,,,,67.1108333,27.5105556,,Finnish Energy Authority,http://www.energiavirasto.fi/en/voimalaitosrekisteri,,,,,,,,Finland National Grid,PL 8131,ROVANIEMI,96101,Finland,,CARMA
1002460,Myllykoski ve,Hydro,,,,25,,Myllykoski Paper Oy,,Myllykosken vesivoimalaitos,,,,,,,,,63.0,22.8,,Finnish Energy Authority,http://www.energiavirasto.fi/en/voimalaitosrekisteri,,,,,,,,Finland National Grid,Myllykoskentie 1,Anjalankoski,46800,Finland,,CARMA
1002514,Rauhalahti,Peat,Industrial wood residues,CHP,,80,,Jyväskylän Energiantuotanto Oy,,Rauhalahti,,,,,,,,,62.2333333,25.7333333,,Finnish Energy Authority,http://www.energiavirasto.fi/en/voimalaitosrekisteri,,,,,,,,Finland National Grid,PL 4,Jyväskylä,40101,Finland,,CARMA
1002428,Kuusankoski bv,Biomass,Natural gas,CHP,,76,,Kymin Voima Oy,,Kuusankoski,,,,,,,,,60.9,26.6333333,,Finnish Energy Authority,http://www.energiavirasto.fi/en/voimalaitosrekisteri,,,,,,,,Finland National Grid,Selluntie 3,Kuusankoski,45700,Finland,,CARMA
1002500,Porvoo,Oil,Natural gas,,,76,,Neste Oil Oy,,Porvoo,,,,,,,,,60.3066667,25.5505556,,Finnish Energy Authority,http://www.energiavirasto.fi/en/voimalaitosrekisteri,,,,,,,,Finland National Grid,PL 310,Porvoo,6101,Finland,,CARMA
1002390,Kemi,Biomass,Industrial wood residues,CHP,,75,,Metsä Fibre Oy,,Metsä Fibre Kemin tehdas,,,,,,,,,65.73641156,24.56371307,,Finnish Energy Authority,http://www.energiavirasto.fi/en/voimalaitosrekisteri,,,,,,,,Finland National Grid,Revontulentie 6,Espoo,2100,Finland,,CARMA
1002515,Rauma,Biomass,Heavy distillates,CHP,,75,,Metsä Fibre Oy,,Metsä Fibre Rauman tehdas,,,,,,,,,61.12724164,21.51127338,,Finnish Energy Authority,http://www.energiavirasto.fi/en/voimalaitosrekisteri,,,,,,,,Finland National Grid,Revontulentie 6,Espoo,2100,Finland,,CARMA
1002332,Heinola,Biomass,Heavy distillates,CHP,,3.5,,Lahti Energia Oy,,Heinola Vuorikatu 22,,,,,,,,,61.2166667,26.0333333,,Finnish Energy Authority,http://www.energiavirasto.fi/en/voimalaitosrekisteri,,,,,,,,Finland National Grid,,,15141,Finland,,CARMA
1002387,Keltti,Hydro,,,,19.1,,UPM-Kymmene Oyj,,Keltti,,,,,,,,,60.8833333,26.6,,Finnish Energy Authority,http://www.energiavirasto.fi/en/voimalaitosrekisteri,,,,,,,,Finland National Grid,ky-35,Kuusankoski,45700,Finland,,CARMA
1002520,Ruskeakoski,Hydro,,,,3.3,,Pohjois-Karjalan Sähkö Oy,,"Joensuu, Ruskeakoski",,,,,,,,,62.4166667,30.45,,Finnish Energy Authority,http://www.energiavirasto.fi/en/voimalaitosrekisteri,,,,,,,,Finland National Grid,Rantakatu 29,Joensuu,80100,Finland,,CARMA
1002610,Kerava,Peat,Forest fuelwood,CHP,,19.04,,Keravan Lämpövoima Oy,,"04260 Kerava, Alikeravantie 83",,,,,,,,,60.40338347,25.10500431,,Finnish Energy Authority,http://www.energiavirasto.fi/en/voimalaitosrekisteri,,,,,,,,Finland National Grid,(c/o Keravan Energia Oy) PL 37,Kerava,4201,Finland,,CARMA
1002418,Kuhankoski,Hydro,,,,3.2,,Koskienergia Oy,,"Kuhankoski, Laukaa",,,,,,,,,60.9,26.6333333,,Finnish Energy Authority,http://www.energiavirasto.fi/en/voimalaitosrekisteri,,,,,,,,Finland National Grid,PL166,Mikkeli,50101,Finland,,CARMA
1002333,Heinola vp,Peat,Industrial wood residues,CHP,,19,,Stora Enso Oyj Heinolan Flutingtehdas,,Heinolan Flutigtehdas,,,,,,,,,61.2166667,26.0333333,,Finnish Energy Authority,http://www.energiavirasto.fi/en/voimalaitosrekisteri,,,,,,,,Finland National Grid,PL 5,Heinola,18101,Finland,,CARMA
1002439,Leuhunkoski,Hydro,,,,3.2,,Vattenfall Sähköntuotanto oy,,Saarijärvi / Leuhunkoski,,,,,,,,,64.2,29.5833333,,Finnish Energy Authority,http://www.energiavirasto.fi/en/voimalaitosrekisteri,,,,,,,,Finland National Grid,Maaistraatinportti 4 A,Helsinki,240,Finland,,CARMA
1002384,Kauttua,Peat,,CHP,,19,,Adven Oy,,Kauttuan voimalaitos,,,,,,,,,61.1,22.1666667,,Finnish Energy Authority,http://www.energiavirasto.fi/en/voimalaitosrekisteri,,,,,,,,Finland National Grid,PL 162,Vantaa,1511,Finland,,CARMA
1002556,Tampella ve,Hydro,,,,3.01,,Tampereen Sähkölaitos,,Tampella ve,,,,,,,,,61.503659,23.76591682,,Finnish Energy Authority,http://www.energiavirasto.fi/en/voimalaitosrekisteri,,,,,,,,Finland National Grid,PL 175,TAMPERE,33101,Finland,,CARMA
1002352,Inkeroinen ve,Hydro,,,,17,,Kemijoki Oy,,Inkeroinen,,,,,,,,,60.7,26.85,,Finnish Energy Authority,http://www.energiavirasto.fi/en/voimalaitosrekisteri,,,,,,,,Finland National Grid,PL 8131,ROVANIEMI,96101,Finland,,CARMA
1002389,Kemi Ajos,Wind,,,,3,,Haminan Energia Oy,,"Ajos, Kemi",,,,,,,,,65.73641156,24.56371307,,Finnish Energy Authority,http://www.energiavirasto.fi/en/voimalaitosrekisteri,,,,,,,,Finland National Grid,Reutsinkatu 12,Hamina,48810,Finland,,CARMA
1002554,Tako T2 ja T5,Natural Gas,Heavy distillates,CHP,,16.5,,Metsä Board Oyj,,"M-real Tako Board kartonkitehdas, Tampere",,,,,,,,,61.49911321,23.787117,,Finnish Energy Authority,http://www.energiavirasto.fi/en/voimalaitosrekisteri,,,,,,,,Finland National Grid,Revontulentie 6,Espoo,2100,Finland,,CARMA
1002502,Porvoo kt 3,Natural Gas,Medium heavy distillates,CHP,,72.6,,Neste Oil Oy,,Porvoo kt 3,,,,,,,,,60.3066667,25.5505556,,Finnish Energy Authority,http://www.energiavirasto.fi/en/voimalaitosrekisteri,,,,,,,,Finland National Grid,PL 310,Porvoo,6101,Finland,,CARMA
1002329,Harjavalta,Hydro,,,,72,,Länsi-Suomen Voima Oy,,Harjavallan voimalaitos,,,,,,,,,61.3166667,22.1333333,,Finnish Energy Authority,http://www.energiavirasto.fi/en/voimalaitosrekisteri,,,,,,,,Finland National Grid,Voimalaitoksentie 70,Harjavalta,29200,Finland,,CARMA
1002412,Kotka,Biomass,Natural gas,CHP,,72,,Kotka Mills Oy,,Kotka,,,,,,,,,60.4666667,26.9166667,,Finnish Energy Authority,http://www.energiavirasto.fi/en/voimalaitosrekisteri,,,,,,,,Finland National Grid,PL 62-63,Kotka,48101,Finland,,CARMA
1002470,Nokia kombi,Natural Gas,Medium heavy distillates,CHP,,72,,Leppäkosken Sähkö Oy,,"Nokia, Kerhokatu 10",,,,,,,,,61.4666667,23.5,,Finnish Energy Authority,http://www.energiavirasto.fi/en/voimalaitosrekisteri,,,,,,,,Finland National Grid,Eino Salmelaisen katu 23,Ikaalinen,39501,Finland,,CARMA
1002516,Rauma,Biomass,Forest fuelwood,CHP,,71.5,,Rauman Biovoima Oy,,Rauma,,,,,,,,,61.12724164,21.51127338,,Finnish Energy Authority,http://www.energiavirasto.fi/en/voimalaitosrekisteri,,,,,,,,Finland National Grid,c/o UPM Oyj Rauma,26101 RAUMA,PL 95,Finland,,CARMA
1002452,Melo,Hydro,,,,70,,PVO Vesivoima Oy,,melo,,,,,,,,,61.14538921,23.5502243,,Finnish Energy Authority,http://www.energiavirasto.fi/en/voimalaitosrekisteri,,,,,,,,Finland National Grid,Virkkulantie 207,91100 Ii,91100,Finland,,CARMA
1002531,Seitakorva,Hydro,,,,130,,Kemijoki Oy,,Seitakorva,,,,,,,,,66.6666667,27.4166667,,Finnish Energy Authority,http://www.energiavirasto.fi/en/voimalaitosrekisteri,,,,,,,,Finland National Grid,PL 8131,ROVANIEMI,96101,Finland,,CARMA
1002467,Naistenlahti 1,Natural Gas,Medium heavy distillates,CHP,,129,,Tampereen Sähkölaitos,,Naistenlahti 1,,,,,,,,,61.49911321,23.787117,,Finnish Energy Authority,http://www.energiavirasto.fi/en/voimalaitosrekisteri,,,,,,,,Finland National Grid,PL 175,TAMPERE,33101,Finland,,CARMA
1002442,Lielahti,Natural Gas,Medium heavy distillates,CHP,,142,,Tampereen Sähkölaitos,,Lielahti,,,,,,,,,61.49911321,23.787117,,Finnish Energy Authority,http://www.energiavirasto.fi/en/voimalaitosrekisteri,,,,,,,,Finland National Grid,PL 175,TAMPERE,33101,Finland,,CARMA
1002631,Forssa kt,Oil,,,,332.6,,Fingrid Oyj,,"Varavoimalantie 6, 30420 Forssa",2.399,,,,,,,,60.790451,23.586567,,Nord Pool,https://umm.nordpoolspot.com/infra/stations/510,ENTSOE (for generation only),https://transparency.entsoe.eu/generation/r2/installedCapacityPerProductionUnit/show,,,,,,Finland National Grid,PL 530,Helsinki,101,Finland,,WRI
1002310,Alholma AK 2,Peat,anthracite,,,240,,Oy Alholmens Kraft Ab,,AK2,598.586,,,,,,,,,,,Finnish Energy Authority,http://www.energiavirasto.fi/en/voimalaitosrekisteri,ENTSOE (for generation only),https://transparency.entsoe.eu/generation/r2/installedCapacityPerProductionUnit/show,,,,,,Finland National Grid,PB 250,JAKOBSTAD,68601,Finland,,
1075850,Suomenoja power station,Coal,,,,170.0,1981,Fortum Oyj,,,,2018.0,,,,,,,60.148333,24.718333," / GCPT_Plant_Units_Link: L101848=>G109722;G109723 / ",GCPT,https://endcoal.org/global-coal-plant-tracker/,,,,,,,,,,,,Finland,,GCPT
