Power Plant ID,Name,Fuel,Secondary Fuel,Generator Technology,Units,Capacity (MW),Commissioning Date,Owner,Operational Status,Location,Annual Generation (GWh),Year of Data,Cooling Technology,Cooling Source,Fuel Consumption (g/kWh),CO2 Annual Reported,CO2 Specific Emissions (tCO2/MWh),Efficiency,Latitude,Longitude,Other,Source,URL,Source 2,URL 2,Peak Load (MW),Load Factor,Capacity Factor,Availability,Grid Connection (kV),Grid Balancing Area,Address,Municipality,Postal Code,Country,Natural Language,Geolocation Source
1020038,Karita,Coal,,Sub-critical Thermal,,360,,Kyushu,,,,,,,,,,,,,,Sekitan,http://sekitan.jp/wp-content/uploads/2014/06/list-of-Coal-Fired-Power-Plants-in-Japan.pdf,,,,,,,,,,,,Japan,,
1020044,Niihama-higashi,Coal,,Sub-critical Thermal,"1x250, 1x27, 1x3",280,,Sumitomo Joint Electric Power,,,,,,,,,,,,,,Sekitan,http://sekitan.jp/wp-content/uploads/2014/06/list-of-Coal-Fired-Power-Plants-in-Japan.pdf,,,,,,,,,,,,Japan,,
1020033,Oozaki,Coal,,Sub-critical Thermal,,259,,Chugoku,,,,,,,,,,,,,,Sekitan,http://sekitan.jp/wp-content/uploads/2014/06/list-of-Coal-Fired-Power-Plants-in-Japan.pdf,,,,,,,,,,,,Japan,,
1020057,Ube Industries,Coal,,Sub-critical Thermal,,195,,Ube Industries,,,,,,,,,,,,,,Sekitan,http://sekitan.jp/wp-content/uploads/2014/06/list-of-Coal-Fired-Power-Plants-in-Japan.pdf,,,,,,,,,,,,Japan,,
1020034,Shimonoseki,Coal,,Sub-critical Thermal,,175,,Chugoku,,,,,,,,,,,,,,Sekitan,http://sekitan.jp/wp-content/uploads/2014/06/list-of-Coal-Fired-Power-Plants-in-Japan.pdf,,,,,,,,,,,,Japan,,
1020054,Toyohashi Power Plant,Coal,,Sub-critical Thermal,,147,,Akemi Energy,,,,,,,,,,,,,,Sekitan,http://sekitan.jp/wp-content/uploads/2014/06/list-of-Coal-Fired-Power-Plants-in-Japan.pdf,,,,,,,,,,,,Japan,,
1020050,Hirohata,Coal,,Sub-critical Thermal,,133,,Nippon Steel &Sumitomo Metal,,,,,,,,,,,,,,Sekitan,http://sekitan.jp/wp-content/uploads/2014/06/list-of-Coal-Fired-Power-Plants-in-Japan.pdf,,,,,,,,,,,,Japan,,
1020047,Muroran Iron Plant,Coal,,Sub-critical Thermal,,100,,Nippon Steel &Sumitomo Metal,,,,,,,,,,,,,,Sekitan,http://sekitan.jp/wp-content/uploads/2014/06/list-of-Coal-Fired-Power-Plants-in-Japan.pdf,,,,,,,,,,,,Japan,,
1020051,Kushito Plant,Coal,,Sub-critical Thermal,,80,,Nippon Paper Industries,,,,,,,,,,,,,,Sekitan,http://sekitan.jp/wp-content/uploads/2014/06/list-of-Coal-Fired-Power-Plants-in-Japan.pdf,,,,,,,,,,,,Japan,,
1020059,Kochi Plant,Coal,,Sub-critical Thermal,,65,,"Sumitomo
Osaka Cement Company",,,,,,,,,,,,,,Sekitan,http://sekitan.jp/wp-content/uploads/2014/06/list-of-Coal-Fired-Power-Plants-in-Japan.pdf,,,,,,,,,,,,Japan,,
1020053,Onahama Power Plant,Coal,,Sub-critical Thermal,,50,2004,Summit Onahama S Power,,,,,,,,,,,,,,Sekitan,http://sekitan.jp/wp-content/uploads/2014/06/list-of-Coal-Fired-Power-Plants-in-Japan.pdf,,,,,,,,,,,,Japan,,
1020061,Mikawa Power Plant,Coal,,Sub-critical Thermal,,48,2005,"Shiguma
Power Ariake",,,,,,,,,,,,,,Sekitan,http://sekitan.jp/wp-content/uploads/2014/06/list-of-Coal-Fired-Power-Plants-in-Japan.pdf,,,,,,,,,,,,Japan,,
1000727,Okukiyotsu Daini,Hydro,,Pumped Storage,,600,,EPDC,,,,,,,,,,,,,,Japanese Electric Power Information Center,https://www.jepic.or.jp/en/,,,,,,,,,,,,Japan,,
1000706,Takane Daiichi,Hydro,,Pumped Storage,,340,,Chubu,,,,,,,,,,,,,,Japanese Electric Power Information Center,https://www.jepic.or.jp/en/,,,,,,,,,,,,Japan,,
1000714,Kurobegawa Daiyon,Hydro,,,,335,,Kansai,,,,,,,,,,,,,,Japanese Electric Power Information Center,https://www.jepic.or.jp/en/,,,,,,,,,,,,Japan,,
1000707,Okuyahagi Daiichi,Hydro,,Pumped Storage,,315,,Chubu,,,,,,,,,,,,,,Japanese Electric Power Information Center,https://www.jepic.or.jp/en/,,,,,,,,,,,,Japan,,
1000709,Arimine Daiichi,Hydro,,,,265,,Hokuriku,,,,,,,,,,,,,,Japanese Electric Power Information Center,https://www.jepic.or.jp/en/,,,,,,,,,,,,Japan,,
1020019,Okuizumi,Hydro,,,,92,,Chubu,,,,,,,,,,,,,,Chubu Electric Power Company,http://www.chuden.co.jp/english/corporate/ecor_company/ecom_reference/eref_facilities/index.html?ceid=ul_me,,,,,,,,,,,,Japan,,
1020022,Oigawa,Hydro,,,,68,,Chubu,,,,,,,,,,,,,,Chubu Electric Power Company,http://www.chuden.co.jp/english/corporate/ecor_company/ecom_reference/eref_facilities/index.html?ceid=ul_me,,,,,,,,,,,,Japan,,
1020025,Shin-Kamiaso,Hydro,,,,61,,Chubu,,,,,,,,,,,,,,Chubu Electric Power Company,http://www.chuden.co.jp/english/corporate/ecor_company/ecom_reference/eref_facilities/index.html?ceid=ul_me,,,,,,,,,,,,Japan,,
1020027,Kawaguchi,Hydro,,,,58,,Chubu,,,,,,,,,,,,,,Chubu Electric Power Company,http://www.chuden.co.jp/english/corporate/ecor_company/ecom_reference/eref_facilities/index.html?ceid=ul_me,,,,,,,,,,,,Japan,,
1020028,Yasuoka,Hydro,,,,53,,Chubu,,,,,,,,,,,,,,Chubu Electric Power Company,http://www.chuden.co.jp/english/corporate/ecor_company/ecom_reference/eref_facilities/index.html?ceid=ul_me,,,,,,,,,,,,Japan,,
1020029,Osaka,Hydro,,,,50,,Chubu,,,,,,,,,,,,,,Chubu Electric Power Company,http://www.chuden.co.jp/english/corporate/ecor_company/ecom_reference/eref_facilities/index.html?ceid=ul_me,,,,,,,,,,,,Japan,,
1026596,Kan-onji,Solar,,PV,,1.15,2014,Daiwa PI Partners Co Ltd,,,,,,,,,,,,,,Daiwa PI Partners Co Ltd,http://dpipartners.co.jp/english/solution/sol60.html,,,,,,,,,,,,,,
1020032,Toyama Shinminato,Coal,,Sub-critical Thermal,2x25,50,,Chugoku,,,,,,,,,,,,,,Sekitan,http://sekitan.jp/wp-content/uploads/2014/06/list-of-Coal-Fired-Power-Plants-in-Japan.pdf,,,,,,,,,,,,Japan,,
1020074,Mizushima MKK,Blast Furnace Gas,OIL,,,613.75,1970,SETOUCHI JOINT THERMAL POWER,Operational,Kurashiki-shi,,,,,,,,,,,,Sekitan,http://sekitan.jp/wp-content/uploads/2014/06/list-of-Coal-Fired-Power-Plants-in-Japan.pdf,,,,,,,,,,,,Japan,,
1020088,Kamaishi,Coal,,,,136,2000,NIPPON STEEL & SUMITOMO METAL,Operational,Kamaishi City,,,,,,,,,,,,NIPPON STEEL & SUMITOMO METAL,http://www.nssmc.com/en/ir/library/pdf/nscguide2012_e_81.pdf,,,,,,,,,,,,Japan,,
1020154,Muroran,Coal,,PV,1053,100,2001,NIPPON STEEL & SUMITOMO METAL,Operational,Muroran City,,,,,,,,,,,,NIPPON STEEL & SUMITOMO METAL,http://www.nssmc.com/en/ir/library/pdf/nscguide2012_e_81.pdf,,,,,,,,,,,,Japan,,
1020118,Kokonoe,Geothermal,,,,6,2015,KYUSHU ELECTRIC POWER CO,Operational,Kokonoe-cho - Kusu Dist,,,,,,,,,,,,Japanese Electric Power Information Center,https://www.jepic.or.jp/en/,,,,,,,,,,,,Japan,,
1020231,Kamiiwamatsu,Hydro,,,,30,1953-1956,HOKKAIDO ELECTRIC POWER CO INC,Operational,Tokachi River,,,,,,,,,,,,Hokkaido,https://web.archive.org/web/20140310212140/http://www.hepco.co.jp/english/environment/pdf/report2008.pdf,,,,,,,,,,,,Japan,,
1020085,Baypower,LNG,,CCGT,,100,2003,TOKYO GAS BAY POWER CO LTD,Operational,Sodegaura-shi,,,,,,,,,,,,Tokyo Gas,http://www.tokyo-gas.co.jp/IR/english/library/pdf/anual/15e09.pdf,,,,,,,,,,,,Japan,,
1020082,Yokosuka Plant,LNG,Waste,CCGT,,240,2006,TOKYO GAS YOKOSUKA POWER CO,Operational,Yokohama,,,,,,,,,,,,Tokyo Gas,http://www.tokyo-gas.co.jp/IR/english/library/pdf/anual/15e09.pdf,,,,,,,,,,,,Japan,,
1020083,Tobata NSC,Unknown,,,,140.5,1962,NIPPON STEEL CHEMICAL CO,Operational,Tobata City,,,,,,,,,,,,Sekitan,http://sekitan.jp/wp-content/uploads/2014/06/list-of-Coal-Fired-Power-Plants-in-Japan.pdf,,,,,,,,,,,,Japan,,
1020204,Omaezaki,Wind,,Onshore Wind,,22,2011,CHUBU ELECTRIC POWER CO INC,Operational,Omaezaki City,,,,,,,,,,,,Chubu Electric Power Company,http://www.chuden.co.jp/english/corporate/ecor_company/ecom_reference/eref_facilities/index.html?ceid=ul_me,,,,,,,,,,,,Japan,,
1020223,Hasaki,Wind,,Onshore Wind,,15,2004,ECOPOWER CO LTD,Operational,Hasaki City,,,,,,,,,,,,EcoPower,http://www.eco-power.co.jp/hatudensho_ichiran.html,,,,,,,,,,,,Japan,,
1020224,Iwata City,Wind,,Onshore Wind,,15,2009,ECOPOWER CO LTD,Operational,Iwata City,,,,,,,,,,,,EcoPower,http://www.eco-power.co.jp/hatudensho_ichiran.html,,,,,,,,,,,,Japan,,
1020179,Choshi City-2,Wind,,Onshore Wind,,10.5,2007,ECOPOWER CO LTD,Operational,Choshi City,,,,,,,,,,,,EcoPower,http://www.eco-power.co.jp/hatudensho_ichiran.html,,,,,,,,,,,,Japan,,
1020186,Koriyama Nunobiki,Wind,,Onshore Wind,,65.98,2007,J-POWER,Operational,Koriyama City,,,,,,,,,,,,J-Power,http://www.jpower.co.jp/english/ir/pdf/2015.pdf,,,,,,,,,,,,Japan,,
1020193,Irozaki,Wind,,Onshore Wind,,34,2010,J-POWER,Operational,Irozaki City,,,,,,,,,,,,J-Power,http://www.jpower.co.jp/english/ir/pdf/2015.pdf,,,,,,,,,,,,Japan,,
1020196,Tomamae Winvilla,Wind,,Onshore Wind,,30.6,1999-2000,J-POWER,Operational,Tomamae City,,,,,,,,,,,,J-Power,http://www.jpower.co.jp/english/ir/pdf/2015.pdf,,,,,,,,,,,,Japan,,
1020199,Hiyama,Wind,,Onshore Wind,,28,2011,J-POWER,Operational,Hiyama City,,,,,,,,,,,,J-Power,http://www.jpower.co.jp/english/ir/pdf/2015.pdf,,,,,,,,,,,,Japan,,
1020200,Hiyama Kogen,Wind,,Onshore Wind,,28,2010,J-POWER,Operational,Hiyama City,,,,,,,,,,,,J-Power,http://www.jpower.co.jp/english/ir/pdf/2015.pdf,,,,,,,,,,,,Japan,,
1020202,Nikaho-Kogen,Wind,,Onshore Wind,,24.75,2001,J-POWER,Operational,Nikaho City,,,,,,,,,,,,J-Power,http://www.jpower.co.jp/english/ir/pdf/2015.pdf,,,,,,,,,,,,Japan,,
1020205,Tahara Rinkai,Wind,,Onshore Wind,,22,2005,J-POWER,Operational,Tahara City,,,,,,,,,,,,J-Power,http://www.jpower.co.jp/english/ir/pdf/2015.pdf,,,,,,,,,,,,Japan,,
1020207,Kuzumaki J-Power,Wind,,Onshore Wind,,21,2003,J-POWER,Operational,Kuzumaki City,,,,,,,,,,,,J-Power,http://www.jpower.co.jp/english/ir/pdf/2015.pdf,,,,,,,,,,,,Japan,,
1020209,Awara-Kitagata,Wind,,Onshore Wind,,20,2010,J-POWER,Operational,Awara City,,,,,,,,,,,,J-Power,http://www.jpower.co.jp/english/ir/pdf/2015.pdf,,,,,,,,,,,,Japan,,
1020212,Minami Ehime,Wind,,Onshore Wind,,20,2015,J-POWER,Operational,Minami City,,,,,,,,,,,,J-Power,http://www.jpower.co.jp/english/ir/pdf/2015.pdf,,,,,,,,,,,,Japan,,
1020220,Aso-Nishihara,Wind,,Onshore Wind,,17.5,2005,J-POWER,Operational,Aso City,,,,,,,,,,,,J-Power,http://www.jpower.co.jp/english/ir/pdf/2015.pdf,,,,,,,,,,,,Japan,,
1020225,Nagasaki-Shikamachi,Wind,,Onshore Wind,,15,2005,J-POWER,Operational,Nagasaki City,,,,,,,,,,,,J-Power,http://www.jpower.co.jp/english/ir/pdf/2015.pdf,,,,,,,,,,,,Japan,,
1020226,Sarakitomanai,Wind,,Onshore Wind,,14.85,2001,J-POWER,Operational,Sarakitomanai City,,,,,,,,,,,,J-Power,http://www.jpower.co.jp/english/ir/pdf/2015.pdf,,,,,,,,,,,,Japan,,
1020178,Setana Rinkai,Wind,,Onshore Wind,,12,2006,J-POWER,Operational,Setana City,,,,,,,,,,,,J-Power,http://www.jpower.co.jp/english/ir/pdf/2015.pdf,,,,,,,,,,,,Japan,,
1020183,Rokkasho-Futamata,Wind,,Onshore Wind,,51,2008,JAPAN WIND DEV CO (JWD),Operational,Rokkasho-mura,,,,,,,,,,,,Japan Wind Development Company,http://www.jwd.co.jp/english/outline.html,,,,,,,,,,,,Japan,,
1020190,Hamada Wind,Wind,,Onshore Wind,,48.43,2016,SB ENERGY CORP,Operational,Hamada City,,,,,,,,,,,,Mitsui,https://www.mitsui.com/jp/en/release/2013/1205028_6472.html,,,,,,,,,,,,Japan,,
1020184,Nagashima-2,Wind,,Onshore Wind,,50.4,2008,NAGASHIMA-2 WIND PARK,Operational,Nagashima Town,,,,,,,,,,,,Solar Power Plant Business,http://techon.nikkeibp.co.jp/atclen/news_en/15mk/010900298/?ST=msbe,,,,,,,,,,,,Japan,,
1020216,Higashi Izu,Wind,,Onshore Wind,,18.37,2012,TOKYO ELECTRIC POWER CO,Operational,Higashi City,,,,,,,,,,,,TEPCO,http://www.tepco.co.jp/en/press/corp-com/release/2015/1259726_6844.html,,,,,,,,,,,,Japan,,
1020046,Nakoso,Coal,,Sub-critical Thermal,"2x250, 2x600",1700,,Joban Joint Power Company,,,,,,,,,,,36.9128,140.8128,,Japanese Electric Power Information Center,https://www.jepic.or.jp/en/,,,,,,,,,,,,Japan,,GEODB
1020035,Tachibana-wan,Coal,,Sub-critical Thermal,,700,,Shikoku,,,,,,,,,,,33.856,134.6513,,Sekitan,http://sekitan.jp/wp-content/uploads/2014/06/list-of-Coal-Fired-Power-Plants-in-Japan.pdf,,,,,,,,,,,,Japan,,GEODB
1020037,Matsuura,Coal,,Sub-critical Thermal,,700,,Kyushu,,,,,,,,,,,33.3552,129.6925,,Sekitan,http://sekitan.jp/wp-content/uploads/2014/06/list-of-Coal-Fired-Power-Plants-in-Japan.pdf,,,,,,,,,,,,Japan,,GEODB
1020041,Takasago,Coal,,Sub-critical Thermal,2x250,500,,J-Power,,,,,,,,,,,34.7535,134.7663,,Sekitan,http://sekitan.jp/wp-content/uploads/2014/06/list-of-Coal-Fired-Power-Plants-in-Japan.pdf,,,,,,,,,,,,Japan,,GEODB
1020039,Kin,Coal,,Sub-critical Thermal,2x220,440,,Okinawa,,,,,,,,,,,26.446,127.9214,,Sekitan,http://sekitan.jp/wp-content/uploads/2014/06/list-of-Coal-Fired-Power-Plants-in-Japan.pdf,,,,,,,,,,,,Japan,,GEODB
1020036,Saijo,Coal,,Sub-critical Thermal,"1x156, 1x250",406,,Shikoku,,,,,,,,,,,33.9327,133.1677,,Sekitan,http://sekitan.jp/wp-content/uploads/2014/06/list-of-Coal-Fired-Power-Plants-in-Japan.pdf,,,,,,,,,,,,Japan,,GEODB
1020030,Naie,Coal,,Sub-critical Thermal,2x175,350,,Hokkaido,,,,,,,,,,,43.422,141.8439,,Sekitan,http://sekitan.jp/wp-content/uploads/2014/06/list-of-Coal-Fired-Power-Plants-in-Japan.pdf,,,,,,,,,,,,Japan,,GEODB
1020042,Ishikawa,Coal,,Sub-critical Thermal,2x156,315,,J-Power,,,,,,,,,,,26.43074,127.8419,,Sekitan,http://sekitan.jp/wp-content/uploads/2014/06/list-of-Coal-Fired-Power-Plants-in-Japan.pdf,,,,,,,,,,,,Japan,,GEODB
1020040,Gushikawa,Coal,,Sub-critical Thermal,2x156,312,,Okinawa,,,,,,,,,,,26.3799,127.8757,,Sekitan,http://sekitan.jp/wp-content/uploads/2014/06/list-of-Coal-Fired-Power-Plants-in-Japan.pdf,,,,,,,,,,,,Japan,,GEODB
1020031,Sunagawa,Coal,,Sub-critical Thermal,2x125,250,,Hokkaido,,,,,,,,,,,43.4639,141.891,,Sekitan,http://sekitan.jp/wp-content/uploads/2014/06/list-of-Coal-Fired-Power-Plants-in-Japan.pdf,,,,,,,,,,,,Japan,,GEODB
1000697,Shiobara,Hydro,,Pumped Storage,,900,,Tokyo,,,,,,,,,,,36.99366,139.86708,,Japanese Electric Power Information Center,https://www.jepic.or.jp/en/,,,,,,,,,,,,Japan,,GEODB
1000719,Omarugawa,Hydro,,Pumped Storage,,900,,Kyusyu,,,,,,,,,,,32.2478,131.3735,,Japanese Electric Power Information Center,https://www.jepic.or.jp/en/,,,,,,,,,,,,Japan,,GEODB
1000698,Kazunogawa,Hydro,,Pumped Storage,,800,,Tokyo,,,,,,,,,,,35.7175,138.8742,,Japanese Electric Power Information Center,https://www.jepic.or.jp/en/,,,,,,,,,,,,Japan,,GEODB
1000705,Okuyahagi Daini,Hydro,,Pumped Storage,,780,,Chubu,,,,,,,,,,,35.195,137.4627,,Japanese Electric Power Information Center,https://www.jepic.or.jp/en/,,,,,,,,,,,,Japan,,GEODB
1000726,Numappara,Hydro,,Pumped Storage,,675,,EPDC,,,,,,,,,,,37.0938,139.91158,,Japanese Electric Power Information Center,https://www.jepic.or.jp/en/,,,,,,,,,,,,Japan,,GEODB
1000699,Azumi,Hydro,,Pumped Storage,,623,,Tokyo,,,,,,,,,,,36.1325,137.7182,,Japanese Electric Power Information Center,https://www.jepic.or.jp/en/,,,,,,,,,,,,Japan,,GEODB
1000716,Nabara,Hydro,,Pumped Storage,,620,,Chugoku,,,,,,,,,,,34.5625,132.516667,,Japanese Electric Power Information Center,https://www.jepic.or.jp/en/,,,,,,,,,,,,Japan,,GEODB
1000720,Tenzan,Hydro,,Pumped Storage,,600,,Kyushu,,,,,,,,,,,33.32803,130.1066,,Japanese Electric Power Information Center,https://www.jepic.or.jp/en/,,,,,,,,,,,,Japan,,GEODB
1000721,Ohira,Hydro,,Pumped Storage,,500,,Kyushu,,,,,,,,,,,32.42057,130.7021,,Japanese Electric Power Information Center,https://www.jepic.or.jp/en/,,,,,,,,,,,,Japan,,GEODB
1000713,Kisenyama,Hydro,,Pumped Storage,,466,,Kansai,,,,,,,,,,,34.8806,135.8463,,Japanese Electric Power Information Center,https://www.jepic.or.jp/en/,,,,,,,,,,,,Japan,,GEODB
1000693,Daini Numazawa,Hydro,,Pumped Storage,,460,,Tohoku,,,,,,,,,,,37.453,139.6019,,Japanese Electric Power Information Center,https://www.jepic.or.jp/en/,,,,,,,,,,,,Japan,,GEODB
1000730,Sakuma,Hydro,,,,350,,EPDC,,,,,,,,,,,35.09082,137.8047,,Japanese Electric Power Information Center,https://www.jepic.or.jp/en/,,,,,,,,,,,,Japan,,GEODB
1000731,Ikehara,Hydro,,Pumped Storage,,350,,EPDC,,,,,,,,,,,34.0412,135.97533,,Japanese Electric Power Information Center,https://www.jepic.or.jp/en/,,,,,,,,,,,,Japan,,GEODB
1000717,Shin Nariwagawa,Hydro,,Pumped Storage,,303,,Chugoku,,,,,,,,,,,34.82105,133.40283,,Japanese Electric Power Information Center,https://www.jepic.or.jp/en/,,,,,,,,,,,,Japan,,GEODB
1000732,Tedorigawa Daiichi,Hydro,,,,250,,EPDC,,,,,,,,,,,36.26832,136.6483,,Japanese Electric Power Information Center,https://www.jepic.or.jp/en/,,,,,,,,,,,,Japan,,GEODB
1000702,Yagisawa,Hydro,,Pumped Storage,,240,,Tokyo,,,,,,,,,,,36.91139,139.0564,,Japanese Electric Power Information Center,https://www.jepic.or.jp/en/,,,,,,,,,,,,Japan,,GEODB
1000733,Nagano,Hydro,,Pumped Storage,,220,,EPDC,,,,,,,,,,,35.88944,136.688056,,Japanese Electric Power Information Center,https://www.jepic.or.jp/en/,,,,,,,,,,,,Japan,,GEODB
1000691,Niikappu,Hydro,,Pumped Storage,,200,,Hokkaido,,,,,,,,,,,42.6066,142.5569,,Japanese Electric Power Information Center,https://www.jepic.or.jp/en/,,,,,,,,,,,,Japan,,GEODB
1000692,Takami,Hydro,,Pumped Storage,,200,,Hokkaido,,,,,,,,,,,42.44813,142.62358,,Japanese Electric Power Information Center,https://www.jepic.or.jp/en/,,,,,,,,,,,,Japan,,GEODB
1000735,Otori,Hydro,,,,182,,EPDC,,,,,,,,,,,37.2147,139.21389,,Japanese Electric Power Information Center,https://www.jepic.or.jp/en/,,,,,,,,,,,,Japan,,GEODB
1000722,Hitotsuse,Hydro,,,,180,,Kyushu,,,,,,,,,,,32.195,131.323,,Japanese Electric Power Information Center,https://www.jepic.or.jp/en/,,,,,,,,,,,,Japan,,GEODB
1000703,Shinanogawa,Hydro,,,,177,,Tokyo,,,,,,,,,,,37.055,138.6828,,Japanese Electric Power Information Center,https://www.jepic.or.jp/en/,,,,,,,,,,,,Japan,,GEODB
1000637,Hekinan,Coal,Natural Gas,,,4100,,Chubu,,,,,,,,,,,34.8352,136.9609,,Japanese Electric Power Information Center,https://www.jepic.or.jp/en/,,,,,,,,,,,,Japan,,GEODB
1000618,Haramachi,Coal,,,,2000,,Tohoku,,,,,,,,,,,37.666,141.0165,,Japanese Electric Power Information Center,https://www.jepic.or.jp/en/,,,,,,,,,,,,Japan,,GEODB
1000670,Matsuura,Coal,,,,2000,,EPDC,,,,,,,,,,,33.3552,129.6925,,Japanese Electric Power Information Center,https://www.jepic.or.jp/en/,,,,,,,,,,,,Japan,,GEODB
1000652,Maizuru,Coal,,,,1800,,Kansai,,,,,,,,,,,35.527,135.342,,Japanese Electric Power Information Center,https://www.jepic.or.jp/en/,,,,,,,,,,,,Japan,,GEODB
1000616,Tomato-atsuma,Coal,,,,1650,,Hokkaido,,,,,,,,,,,42.612,141.805,,Japanese Electric Power Information Center,https://www.jepic.or.jp/en/,,,,,,,,,,,,Japan,,GEODB
1000666,Reihoku,Coal,,,,1400,,Kyushu,,,,,,,,,,,32.4855,130.0429,,Japanese Electric Power Information Center,https://www.jepic.or.jp/en/,,,,,,,,,,,,Japan,,GEODB
1000671,Takehara,Coal,,,,1300,,EPDC,,,,,,,,,,,34.3373,132.9572,,Japanese Electric Power Information Center,https://www.jepic.or.jp/en/,,,,,,,,,,,,Japan,,GEODB
1000620,Noshiro,Coal,,,,1200,,Tohoku,,,,,,,,,,,40.1912,139.9911,,Japanese Electric Power Information Center,https://www.jepic.or.jp/en/,,,,,,,,,,,,Japan,,GEODB
1000647,Tsuruga,Coal,,,,1200,,Hokuriku,,,,,,,,,,,35.6724,136.08154,,Japanese Electric Power Information Center,https://www.jepic.or.jp/en/,,,,,,,,,,,,Japan,,GEODB
1000672,Isago Shin,Coal,,,,1200,,EPDC,,,,,,,,,,,35.4036,139.6419,,Japanese Electric Power Information Center,https://www.jepic.or.jp/en/,,,,,,,,,,,,Japan,,GEODB
1000635,Hitachinaka,Coal,,,,1000,,Tokyo,,,,,,,,,,,36.4368,140.6138,,Japanese Electric Power Information Center,https://www.jepic.or.jp/en/,,,,,,,,,,,,Japan,,GEODB
1000660,Misumi,Coal,,,,1000,,Chugoku,,,,,,,,,,,34.7797,131.9215,,Japanese Electric Power Information Center,https://www.jepic.or.jp/en/,,,,,,,,,,,,Japan,,GEODB
1000661,Shin Onoda,Coal,,,,1000,,Chugoku,,,,,,,,,,,33.969,131.1634,,Japanese Electric Power Information Center,https://www.jepic.or.jp/en/,,,,,,,,,,,,Japan,,GEODB
1000622,Kashima,Crude,,,,4400,,Tokyo,,,,,,,,,,,35.9409,140.6888,,Japanese Electric Power Information Center,https://www.jepic.or.jp/en/,,,,,,,,,,,,Japan,,GEODB
1000638,Chita,Crude,,,,3966,,Chubu,,,,,,,,,,,34.9867,136.8436,,Japanese Electric Power Information Center,https://www.jepic.or.jp/en/,,,,,,,,,,,,Japan,,GEODB
1000648,Kainan,Crude,,,,2100,,Kansai,,,,,,,,,,,34.15203,135.18762,,Japanese Electric Power Information Center,https://www.jepic.or.jp/en/,,,,,,,,,,,,Japan,,GEODB
1000640,Atsumi,Crude,,,,1900,,Chubu,,,,,,,,,,,34.6536,137.0665,,Japanese Electric Power Information Center,https://www.jepic.or.jp/en/,,,,,,,,,,,,Japan,,GEODB
1000650,Gobo,Crude,,,,1800,,Kansai,,,,,,,,,,,33.86,135.153056,,Japanese Electric Power Information Center,https://www.jepic.or.jp/en/,,,,,,,,,,,,Japan,,GEODB
1000645,Toyama Shinko,Crude,Coal,,,1500,,Hokuriku,,,,,,,,,,,36.7654,137.1286,,Japanese Electric Power Information Center,https://www.jepic.or.jp/en/,,,,,,,,,,,,Japan,,GEODB
1000662,Sakaide,Crude,Natural Gas,,,1500,,Shikoku,,,,,,,,,,,34.3419,133.84416,,Japanese Electric Power Information Center,https://www.jepic.or.jp/en/,,,,,,,,,,,,Japan,,GEODB
1000619,Akita,Crude,,,,1300,,Tohoku,,,,,,,,,,,39.7839,140.0487,,Japanese Electric Power Information Center,https://www.jepic.or.jp/en/,,,,,,,,,,,,Japan,,GEODB
1000663,Anan,Crude,,,,1245,,Shikoku,,,,,,,,,,,33.8787,134.65345,,Japanese Electric Power Information Center,https://www.jepic.or.jp/en/,,,,,,,,,,,,Japan,,GEODB
1000655,Tanagawa Daini,Crude,,,,1200,,Kansai,,,,,,,,,,,34.32156,135.12806,,Japanese Electric Power Information Center,https://www.jepic.or.jp/en/,,,,,,,,,,,,Japan,,GEODB
1000656,Ako,Crude,,,,1200,,Kansai,,,,,,,,,,,34.7413,134.3786,,Japanese Electric Power Information Center,https://www.jepic.or.jp/en/,,,,,,,,,,,,Japan,,GEODB
1000659,Tamashima,Crude,,,,1200,,Chugoku,,,,,,,,,,,34.51440725,133.6873055,,Japanese Electric Power Information Center,https://www.jepic.or.jp/en/,,,,,,,,,,,,Japan,,GEODB
1000643,Nishi Nagoya,Crude,Naphtha,,,1190,,Chubu,,,,,,,,,,,35.0326,136.8303,,Japanese Electric Power Information Center,https://www.jepic.or.jp/en/,,,,,,,,,,,,Japan,,GEODB
1000644,Taketoyo,Crude,,,,1125,,Chubu,,,,,,,,,,,34.8244,136.9238,,Japanese Electric Power Information Center,https://www.jepic.or.jp/en/,,,,,,,,,,,,Japan,,GEODB
1000657,Aioi,Crude,,,,1125,,Kansai,,,,,,,,,,,34.7742,134.4568,,Japanese Electric Power Information Center,https://www.jepic.or.jp/en/,,,,,,,,,,,,Japan,,GEODB
1000634,Ohi,Crude,,,,1050,,Tokyo,,,,,,,,,,,35.61464,139.75665,,Japanese Electric Power Information Center,https://www.jepic.or.jp/en/,,,,,,,,,,,,Japan,,GEODB
1000667,Buzen,Crude,,,,1000,,Kyushu,,,,,,,,,,,33.6261,131.1202,,Japanese Electric Power Information Center,https://www.jepic.or.jp/en/,,,,,,,,,,,,Japan,,GEODB
1000668,Sendai,Crude,,,,1000,,Kyushu,,,,,,,,,,,31.8579,130.1997,,Japanese Electric Power Information Center,https://www.jepic.or.jp/en/,,,,,,,,,,,,Japan,,GEODB
1000710,Okutataragi,Hydro,,Pumped Storage,,1932,,Kansai,,,,,,,,,,,35.2406,134.8617,,Japanese Electric Power Information Center,https://www.jepic.or.jp/en/,,,,,,,,,,,,Japan,,GEODB
1000704,Okumino,Hydro,,Pumped Storage,,1500,,Chubu,,,,,,,,,,,35.738651,136.67093,,Japanese Electric Power Information Center,https://www.jepic.or.jp/en/,,,,,,,,,,,,Japan,,GEODB
1000694,Shin Takasegawa,Hydro,,Pumped Storage,,1280,,Tokyo,,,,,,,,,,,36.4739,137.6897,,Japanese Electric Power Information Center,https://www.jepic.or.jp/en/,,,,,,,,,,,,Japan,,GEODB
1000711,Okawachi,Hydro,,Pumped Storage,,1280,,Kansai,,,,,,,,,,,35.1306,134.7108,,Japanese Electric Power Information Center,https://www.jepic.or.jp/en/,,,,,,,,,,,,Japan,,GEODB
1000712,Okuyoshino,Hydro,,Pumped Storage,,1206,,Kansai,,,,,,,,,,,34.11778,135.8211,,Japanese Electric Power Information Center,https://www.jepic.or.jp/en/,,,,,,,,,,,,Japan,,GEODB
1000695,Tamahara,Hydro,,Pumped Storage,,1200,,Tokyo,,,,,,,,,,,36.8014,139.0406,,Japanese Electric Power Information Center,https://www.jepic.or.jp/en/,,,,,,,,,,,,Japan,,GEODB
1000723,Shin Toyone,Hydro,,Pumped Storage,,1125,,EPDC,,,,,,,,,,,35.1258,137.7606,,Japanese Electric Power Information Center,https://www.jepic.or.jp/en/,,,,,,,,,,,,Japan,,GEODB
1000696,Imaichi,Hydro,,Pumped Storage,,1050,,Tokyo,,,,,,,,,,,36.8295,139.6632,,Japanese Electric Power Information Center,https://www.jepic.or.jp/en/,,,,,,,,,,,,Japan,,GEODB
1000724,Shimogo,Hydro,,Pumped Storage,,1000,,EPDC,,,,,,,,,,,37.3448,139.90866,,Japanese Electric Power Information Center,https://www.jepic.or.jp/en/,,,,,,,,,,,,Japan,,GEODB
1000633,Shinagawa,Natural Gas,,,,1140,,Tokyo,,,,,,,,,,,35.6199,139.7559,,Japanese Electric Power Information Center,https://www.jepic.or.jp/en/,,,,,,,,,,,,Japan,,GEODB
1000632,Minami Yokohama,Natural Gas,,,,1150,,Tokyo,,,,,,,,,,,35.4042,139.637,,Japanese Electric Power Information Center,https://www.jepic.or.jp/en/,,,,,,,,,,,,Japan,,GEODB
1000642,Yokkaichi,Natural Gas,,,,1245,,Chubu,,,,,,,,,,,34.9734,136.6462,,Japanese Electric Power Information Center,https://www.jepic.or.jp/en/,,,,,,,,,,,,Japan,,GEODB
1000658,Yanai,Natural Gas,,,,1400,,Chugoku,,,,,,,,,,,33.95297,132.12476,,Japanese Electric Power Information Center,https://www.jepic.or.jp/en/,,,,,,,,,,,,Japan,,GEODB
1000654,Himeji Daiichi,Natural Gas,,,,1442,,Kansai,,,,,,,,,,,34.77344,134.694,,Japanese Electric Power Information Center,https://www.jepic.or.jp/en/,,,,,,,,,,,,Japan,,GEODB
1000631,Kawasaki,Natural Gas,,,,1500,,Tokyo,,,,,,,,,,,35.51228,139.76257,,Japanese Electric Power Information Center,https://www.jepic.or.jp/en/,,,,,,,,,,,,Japan,,GEODB
1000653,Himeji Daini,Natural Gas,,,,1650,,Kansai,,,,,,,,,,,34.77344,134.694,,Japanese Electric Power Information Center,https://www.jepic.or.jp/en/,,,,,,,,,,,,Japan,,GEODB
1000641,Chita Daini,Natural Gas,,,,1708,,Chubu,,,,,,,,,,,35.0067,136.8637,,Japanese Electric Power Information Center,https://www.jepic.or.jp/en/,,,,,,,,,,,,Japan,,GEODB
1000651,Nanko,Natural Gas,,,,1800,,Kansai,,,,,,,,,,,34.6177,135.4048,,Japanese Electric Power Information Center,https://www.jepic.or.jp/en/,,,,,,,,,,,,Japan,,GEODB
1000665,Shin Kokura,Natural Gas,,,,1800,,Kyushu,,,,,,,,,,,33.9078,130.8614,,Japanese Electric Power Information Center,https://www.jepic.or.jp/en/,,,,,,,,,,,,Japan,,GEODB
1000630,Goi,Natural Gas,,,,1886,,Tokyo,,,,,,,,,,,35.547,140.0724,,Japanese Electric Power Information Center,https://www.jepic.or.jp/en/,,,,,,,,,,,,Japan,,GEODB
1000629,Higashi Ogishima,Natural Gas,,,,2000,,Tokyo,,,,,,,,,,,35.4954,139.745,,Japanese Electric Power Information Center,https://www.jepic.or.jp/en/,,,,,,,,,,,,Japan,,GEODB
1000664,Shin Oita,Natural Gas,,,,2295,,Kyushu,,,,,,,,,,,33.26725,131.707583,,Japanese Electric Power Information Center,https://www.jepic.or.jp/en/,,,,,,,,,,,,Japan,,GEODB
1000627,Chiba,Natural Gas,,,,2880,,Tokyo,,,,,,,,,,,35.56477,140.1053,,Japanese Electric Power Information Center,https://www.jepic.or.jp/en/,,,,,,,,,,,,Japan,,GEODB
1000639,Shin Nagoya,Natural Gas,,,,3058,,Chubu,,,,,,,,,,,35.0645,136.8767,,Japanese Electric Power Information Center,https://www.jepic.or.jp/en/,,,,,,,,,,,,Japan,,GEODB
1000624,Sodegaura,Natural Gas,,3117.75,,3600,,Tokyo,,,,,,,,,,,35.46189,139.977,,Japanese Electric Power Information Center,https://www.jepic.or.jp/en/,,,,,,,,,,,,Japan,,GEODB
1000617,Higashi Niigata,Natural Gas,,54461.5,,4810,,Tohoku,,,,,,,,,,,37.99625,139.2373,,Japanese Electric Power Information Center,https://www.jepic.or.jp/en/,,,,,,,,,,,,Japan,,GEODB
1000621,Futtsu,Natural Gas,,,,5040,,Tokyo,,,,,,,,,,,35.3421,139.8319,,Japanese Electric Power Information Center,https://www.jepic.or.jp/en/,,,,,,,,,,,,Japan,,GEODB
1000679,Kashiwazaki Kariwa,Nuclear,,5 BWR 2 ABWR,,8212,,Tokyo,,,,,,,,,,,37.42592108,138.5941016,,Japanese Electric Power Information Center,https://www.jepic.or.jp/en/,,,,,,,,,,,,Japan,,GEODB
1000675,Higashi-Dori,Nuclear,,BWR,,1100,,Tohoku,,,,,,,,,,,41.188,141.39028,,Japanese Electric Power Information Center,https://www.jepic.or.jp/en/,,,,,,,,,,,,Japan,,GEODB
1000689,Tokai Daini,Nuclear,,BWR,,1100,,Japan Atomic Power Co.,,,,,,,,,,,36.42150204,140.6028209,,Japanese Electric Power Information Center,https://www.jepic.or.jp/en/,,,,,,,,,,,,Japan,,GEODB
1000625,Anegasaki,Oil,,,,3600,,Tokyo,,,,,,,,,,,35.48447,140.01723,,Japanese Electric Power Information Center,https://www.jepic.or.jp/en/,,,,,,,,,,,,Japan,,GEODB
1000626,Yokohama,Oil,,,,3325,,Tokyo,,,,,,,,,,,35.47678,139.67896,,Japanese Electric Power Information Center,https://www.jepic.or.jp/en/,,,,,,,,,,,,Japan,,GEODB
1000628,Yokosuka,Oil,,,,2274,,Tokyo,,,,,,,,,,,35.21477,139.7173,,Japanese Electric Power Information Center,https://www.jepic.or.jp/en/,,,,,,,,,,,,Japan,,GEODB
1020072,Oita Thermal Power Plant,Blast Furnace Gas,COG/OIL,,,657,1971-2015,OITA CO-OPERATIVE THERMAL POWE,Operational,Oita-shi,,,,,,,,,33.26725,131.707583,,Sekitan,http://sekitan.jp/wp-content/uploads/2014/06/list-of-Coal-Fired-Power-Plants-in-Japan.pdf,,,,,,,,,,,,Japan,,GEODB
1020116,Hatchobaru Otake,Geothermal,,Double Flash,,110,1977-1996,KYUSHU ELECTRIC POWER CO,Operational,Kusu-gun,,,,,,,,,33.1053,131.1874,,Japanese Electric Power Information Center,https://www.jepic.or.jp/en/,,,,,,,,,,,,Japan,,GEODB
1020117,Kakkonda,Geothermal,,Dry Steam,,80,1976-1996,KYUSHU ELECTRIC POWER CO,Operational,Shizukuishi-shi,,,,,,,,,39.8291,140.86494,,Japanese Electric Power Information Center,https://www.jepic.or.jp/en/,,,,,,,,,,,,Japan,,GEODB
1020129,Yanaizu-Nishiyama,Geothermal,,,,65,1995,KYUSHU ELECTRIC POWER CO,Operational,Yanaizu-shi - Aizu Dist,,,,,,,,,37.44,139.694,,Japanese Electric Power Information Center,https://www.jepic.or.jp/en/,,,,,,,,,,,,Japan,,GEODB
1020125,Sumikawa Akita,Geothermal,,,,50,1995,J-POWER,Operational,Kazuno-shi,,,,,,,,,39.9813,140.78218,,Japanese Electric Power Information Center,https://www.jepic.or.jp/en/,,,,,,,,,,,,Japan,,GEODB
1020121,Ogiri,Geothermal,,,,35,1996,KYUSHU ELECTRIC POWER CO,Operational,Kirishima-shi,,,,,,,,,31.9318,130.7977,,Japanese Electric Power Information Center,https://www.jepic.or.jp/en/,,,,,,,,,,,,Japan,,GEODB
1020128,Yamagawa,Geothermal,,,,30,1995,TOHOKU ELECTRIC POWER CO,Operational,Ibusuki-gun,,,,,,,,,31.19083,130.61422,,Japanese Electric Power Information Center,https://www.jepic.or.jp/en/,,,,,,,,,,,,Japan,,GEODB
1020127,Uenotai,Geothermal,,,,27.5,1994,KYUSHU ELECTRIC POWER CO,Operational,Yuzawa-shi,,,,,,,,,39.0012,140.6039,,Japanese Electric Power Information Center,https://www.jepic.or.jp/en/,,,,,,,,,,,,Japan,,GEODB
1020126,Takigami,Geothermal,,,,25,1996,MITSUBISHI MATERIALS CORP,Operational,Kusu-gun,,,,,,,,,33.2115,131.2731,,Japanese Electric Power Information Center,https://www.jepic.or.jp/en/,,,,,,,,,,,,Japan,,GEODB
1020119,Matsukawa Geothermal,Geothermal,,,,23.5,1966,TOHOKU ELECTRIC POWER CO,Operational,Morioka-shi,,,,,,,,,39.92705549,140.9332665,,Japanese Electric Power Information Center,https://www.jepic.or.jp/en/,,,,,,,,,,,,Japan,,GEODB
1020122,Onikobe,Geothermal,,Dry Steam,,15,1975,TOHOKU ELECTRIC POWER CO,Operational,Osaki City,,,,,,,,,38.8098,140.7086,,Japanese Electric Power Information Center,https://www.jepic.or.jp/en/,,,,,,,,,,,,Japan,,GEODB
1020124,Otake,Geothermal,,Binary,,12.5,1967,KYUSHU ELECTRIC POWER CO,Operational,Kusu-gun,,,,,,,,,33.1217,131.190217,,Japanese Electric Power Information Center,https://www.jepic.or.jp/en/,,,,,,,,,,,,Japan,,GEODB
1020115,Hachijojima,Geothermal,,,,3.3,1999,TOKYO ELECTRIC POWER CO,Operational,Hachijo-cho,,,,,,,,,33.11169404,139.777986,,Japanese Electric Power Information Center,https://www.jepic.or.jp/en/,,,,,,,,,,,,Japan,,GEODB
1020066,Ohgishima,LNG,,CCGT,,1221,2010-2016,OHGISHIMA POWER CO LTD,Operational,Yokohama,,,,,,,,,35.4954,139.745,,Japanese Electric Power Information Center,https://www.jepic.or.jp/en/,,,,,,,,,,,,Japan,,GEODB
1000677,Fukushima Daiichi,Nuclear,,BWR,,1884,,Tokyo,Shutdown,,,,,,,,,,37.4218,141.0337,,Japanese Electric Power Information Center,https://www.jepic.or.jp/en/,,,,,,,,,,,,Japan,,GEODB
1000678,Fukushima Daina,Nuclear,,BWR,,4400,,Tokyo,,,,,,,,,,,37.3164,141.0265,,Japanese Electric Power Information Center,https://www.jepic.or.jp/en/,,,,,,,,,,,,Japan,,GEODB
1000680,Hamaoka,Nuclear,,"2 BWR, largest one is ABWR",,3617,,Chubu,,,,,,,,,,,34.6235,138.14209,,Japanese Electric Power Information Center,https://www.jepic.or.jp/en/,,,,,,,,,,,,Japan,,GEODB
1000676,Onagawa,Nuclear,,BWR,,2174,,Tohoku,,,,,,,,,,,38.4,141.5,,Japanese Electric Power Information Center,https://www.jepic.or.jp/en/,,,,,,,,,,,,Japan,,GEODB
1000686,Ikata,Nuclear,,,,2022,,Shikoku,,,,,,,,,,,33.4909,132.3088,,Japanese Electric Power Information Center,https://www.jepic.or.jp/en/,,,,,,,,,,,,Japan,,GEODB
1000681,Shika,Nuclear,,"1 BWR, 1 ABWR (large)",,1746,,Hokuriku,,,,,,,,,,,37.06092843,136.7264699,,Japanese Electric Power Information Center,https://www.jepic.or.jp/en/,,,,,,,,,,,,Japan,,GEODB
1000636,Kawagoe,Natural Gas,,51343.75,,4802,,Chubu,,,,,,,,,,,35.007609,136.689018,,Japanese Electric Power Information Center,https://www.jepic.or.jp/en/,,,,,,,,,,,,Japan,,WRI
1000669,Tachibanawan,Coal,,,,2100,,EPDC,,,,,,,,,,,33.857227,134.651368,,Japanese Electric Power Information Center,https://www.jepic.or.jp/en/,,,,,,,,,,,,Japan,,WRI
1000649,Sakaiko,Natural Gas,,,,2000,,Kansai,,,,,,,,,,,34.570398,135.441685,,Japanese Electric Power Information Center,https://www.jepic.or.jp/en/,,,,,,,,,,,,Japan,,WRI
1000673,Matsushima,Coal,,,,1000,,EPDC,,,,,,,,,,,32.940946,129.596917,,Japanese Electric Power Information Center,https://www.jepic.or.jp/en/,,,,,,,,,,,,Japan,,WRI
1061345,Suzukawa Energy Center,Coal,,Sub-critical Thermal,,112,2016,"Mitsubishi Corporation (70%), Nippon Paper Industries (20%), Chubu Electric Power (10%)",Shutdown,,,,Once Through Cooling,Numa River,,,,,35.143503,138.7090559,,Japan Coal Plant Tracker,http://sekitan.jp/plant-map/en/v2/table_en,,,,,,,,,"4-178-5, Imai","Fuhi-city, Shizuoka Pref",,Japan,,WRI [Aaron]
1026652,Seto Wind Farm,Wind,,Onshore Wind,,11,2003,Mitsubishi,,,,,,,,,,,,,,Mitsubishi,http://www.mitsubishicorp.com/jp/en/pr/archive/2016/html/0000030248.html,,,,,,,,,,,,,,
1020185,Shin Izumo,Wind,,Onshore Wind,,78,2009,EURUS ENERGY HOLDINGS CORP,Operational,Shin City,,,,,,,,,,,,Eurus Energy,http://eurus-energy.com/en/project/,,,,,,,,,,,,Japan,,
1020187,Soya-Misaki,Wind,,Onshore Wind,,57,2005,EURUS ENERGY HOLDINGS CORP,Operational,Soya City,,,,,,,,,,,,Eurus Energy,http://eurus-energy.com/en/project/,,,,,,,,,,,,Japan,,
1020188,Eurus Yurikogen,Wind,,Onshore Wind,,51,2015,EURUS ENERGY HOLDINGS CORP,Operational,Eurus City,,,,,,,,,,,,Eurus Energy,http://eurus-energy.com/en/project/,,,,,,,,,,,,Japan,,
1020189,Noheji Eurus,Wind,,Onshore Wind,,50,2008,EURUS ENERGY HOLDINGS CORP,Operational,Noheji City,,,,,,,,,,,,Eurus Energy,http://eurus-energy.com/en/project/,,,,,,,,,,,,Japan,,
1020191,Takine Ojiroi,Wind,,Onshore Wind,,46,2010,EURUS ENERGY HOLDINGS CORP,Operational,Takine City,,,,,,,,,,,,Eurus Energy,http://eurus-energy.com/en/project/,,,,,,,,,,,,Japan,,
1020192,Kamaishi,Wind,,Onshore Wind,,43,2004,EURUS ENERGY HOLDINGS CORP,Operational,,,,,,,,,,,,,Eurus Energy,http://eurus-energy.com/en/project/,,,,,,,,,,,,Japan,,
1020195,Iwaya Eurus,Wind,,Onshore Wind,,32.5,2002,EURUS ENERGY HOLDINGS CORP,Operational,Iwaya City,,,,,,,,,,,,Eurus Energy,http://eurus-energy.com/en/project/,,,,,,,,,,,,Japan,,
1020197,Kunimiyama,Wind,,Onshore Wind,,30,2011,EURUS ENERGY HOLDINGS CORP,Operational,Kunimiyama City,,,,,,,,,,,,Eurus Energy,http://eurus-energy.com/en/project/,,,,,,,,,,,,Japan,,
1020198,Nishime,Wind,,Onshore Wind,,30,2004,EURUS ENERGY HOLDINGS CORP,Operational,Nishime City,,,,,,,,,,,,Eurus Energy,http://eurus-energy.com/en/project/,,,,,,,,,,,,Japan,,
1020208,Kihoku,Wind,,Onshore Wind,,20.8,2004,EURUS ENERGY HOLDINGS CORP,Operational,Kihoku City,,,,,,,,,,,,Eurus Energy,http://eurus-energy.com/en/project/,,,,,,,,,,,,Japan,,
1020210,Esashi Kita,Wind,,Onshore Wind,,20,2011,EURUS ENERGY HOLDINGS CORP,Operational,Esashi City,,,,,,,,,,,,Eurus Energy,http://eurus-energy.com/en/project/,,,,,,,,,,,,Japan,,
1020213,Tomamae Tomen,Wind,,Onshore Wind,,20,1999,EURUS ENERGY HOLDINGS CORP,Operational,Tomamae City,,,,,,,,,,,,Eurus Energy,http://eurus-energy.com/en/project/,,,,,,,,,,,,Japan,,
1020214,Okawara Wind,Wind,,Onshore Wind,,19.5,2008,EURUS ENERGY HOLDINGS CORP,Operational,Okawara City,,,,,,,,,,,,Eurus Energy,http://eurus-energy.com/en/project/,,,,,,,,,,,,Japan,,
1020215,Shitsukari,Wind,,Onshore Wind,,19.25,2003,EURUS ENERGY HOLDINGS CORP,Operational,Shitsukari City,,,,,,,,,,,,Eurus Energy,http://eurus-energy.com/en/project/,,,,,,,,,,,,Japan,,
1020217,Akitako,Wind,,Onshore Wind,,18,2015,EURUS ENERGY HOLDINGS CORP,Operational,Akitako City,,,,,,,,,,,,Eurus Energy,http://eurus-energy.com/en/project/,,,,,,,,,,,,Japan,,
1020219,Port Of Akita,Wind,,Onshore Wind,,18,2015,EURUS ENERGY HOLDINGS CORP,Operational,Port City,,,,,,,,,,,,Eurus Energy,http://eurus-energy.com/en/project/,,,,,,,,,,,,Japan,,
1020221,Kawazu,Wind,,Onshore Wind,,16.7,2015,EURUS ENERGY HOLDINGS CORP,Operational,Kawazu City,,,,,,,,,,,,Eurus Energy,http://eurus-energy.com/en/project/,,,,,,,,,,,,Japan,,
1020175,Aridagawa,Wind,,Onshore Wind,,13,2009,EURUS ENERGY HOLDINGS CORP,Operational,Aridagawa City,,,,,,,,,,,,Eurus Energy,http://eurus-energy.com/en/project/,,,,,,,,,,,,Japan,,
1020176,Odanozawa,Wind,,Onshore Wind,,13,2004,EURUS ENERGY HOLDINGS CORP,Operational,Odanozawa City,,,,,,,,,,,,Eurus Energy,http://eurus-energy.com/en/project/,,,,,,,,,,,,Japan,,
1020177,Kitanosawa,Wind,,Onshore Wind,,12,2007,EURUS ENERGY HOLDINGS CORP,Operational,Kitanosawa City,,,,,,,,,,,,Eurus Energy,http://eurus-energy.com/en/project/,,,,,,,,,,,,Japan,,
1020180,Satomi Wind,Wind,,Onshore Wind,,10.02,2006,EURUS ENERGY HOLDINGS CORP,Operational,Satomi City,,,,,,,,,,,,Eurus Energy,http://eurus-energy.com/en/project/,,,,,,,,,,,,Japan,,
1020181,Date Wind,Wind,,Onshore Wind,,10,2011,EURUS ENERGY HOLDINGS CORP,Operational,Date City,,,,,,,,,,,,Eurus Energy,http://eurus-energy.com/en/project/,,,,,,,,,,,,Japan,,
1020182,Mameda,Wind,,Onshore Wind,,10,2003,EURUS ENERGY HOLDINGS CORP,Operational,Mameda City,,,,,,,,,,,,Eurus Energy,http://eurus-energy.com/en/project/,,,,,,,,,,,,Japan,,
1020206,Fukura,Wind,,Onshore Wind,,21.6,2009-2011,HOKURIKU ELECTRIC POWER CO,Operational,Fukura City,,,,,,,,,,,,Mitsubishi,https://www.mhi.co.jp/technology/review/pdf/e483/e483042.pdf,,,,,,,,,,,,Japan,,
1020071,Niigata Minato,LNG,OIL,,,700,1972-1975,NIIGATA COOPERATIVE POWER CO,Operational,Seirou-cho Kitakanbaragun,,,,,,,,,37.99625,139.2373,,Tohoku Electric Power Company,http://www.tohoku-epco.co.jp/ir/report/annual_report/pdf/ar2015.pdf,,,,,,,,,,,,Japan,,GEODB
1020081,KRGC,LNG,NONE,OCGT,,145,1994,KAWASAKI HEAVY INDUSTRIES,Operational,Sodegaura-shi,,,,,,,,,,,,Kawasaki,https://global.kawasaki.com/en/energy/solutions/energy_plants/ccpp.html,,,,,,,,,,,,Japan,,
1020055,Nagoya Power Plant,Coal,,Sub-critical Thermal,,149,1990,Osaka Gas,Operational,,,,,,,,,,34.843996,136.927238,,Sekitan,http://sekitan.jp/wp-content/uploads/2014/06/list-of-Coal-Fired-Power-Plants-in-Japan.pdf,,,,,,,,,,,,Japan,,WRI
1020155,Nagoya Power Plant 2,Coal,,Sub-critical Thermal,,110,2017,Osaka Gas,Operational,Taketoyo,,2017,,,,,,,35.065912,136.877789,,Japan Coal Plant Tracker,http://sekitan.jp/plant-map/en/v2/table_en,,,,,,,,,,,,Japan,,WRI
1020043,Niihama-nishi,Coal,,Sub-critical Thermal,"2x175, 1x150",300,,Sumitomo Joint Electric Power,,,,,,,,,,,33.954509,133.249113,,Sekitan,http://sekitan.jp/wp-content/uploads/2014/06/list-of-Coal-Fired-Power-Plants-in-Japan.pdf,,,,,,,,,,,,Japan,,WRI
1020078,Oita IPP,Coal,BFG,,,300,2002,NS ENERGY,Operational,,,,,,,,,,33.268684,131.649447,,NIPPON STEEL & SUMITOMO METAL,http://www.nssmc.com/en/ir/library/pdf/nscguide2012_e_81.pdf,,,,,,,,,,,,Japan,,WRI
1020045,Nyugawa,Coal,,Sub-critical Thermal,,250,,Sumitomo Joint Electric Power,,,,,,,,,,,33.934614,133.114887,,Sekitan,http://sekitan.jp/wp-content/uploads/2014/06/list-of-Coal-Fired-Power-Plants-in-Japan.pdf,,,,,,,,,,,,Japan,,WRI
1020060,Miike Power Plant,Coal,,Sub-critical Thermal,,175,,"Shiguma
Power Ariake",,,,,,,,,,,33.008604,130.420647,,Sekitan,http://sekitan.jp/wp-content/uploads/2014/06/list-of-Coal-Fired-Power-Plants-in-Japan.pdf,,,,,,,,,,,,Japan,,WRI
1020058,Tosa Power Plant,Coal,,Sub-critical Thermal,,150,,Tosa Power,,,,,,,,,,,33.533967,133.557544,,Sekitan,http://sekitan.jp/wp-content/uploads/2014/06/list-of-Coal-Fired-Power-Plants-in-Japan.pdf,,,,,,,,,,,,Japan,,WRI
1020048,Kamaishi Thermal,Coal,,Sub-critical Thermal,,149,,Nippon Steel &Sumitomo Metal,,,,,,,,,,,39.268811,141.876598,,Sekitan,http://sekitan.jp/wp-content/uploads/2014/06/list-of-Coal-Fired-Power-Plants-in-Japan.pdf,,,,,,,,,,,,Japan,,WRI
1020056,Itoigawa Power Plant,Coal,,Sub-critical Thermal,,149,,Itoigawa Power,,,,,,,,,,,37.015138,137.791318,,Sekitan,http://sekitan.jp/wp-content/uploads/2014/06/list-of-Coal-Fired-Power-Plants-in-Japan.pdf,,,,,,,,,,,,Japan,,WRI
1020052,Tomakomai,Coal,,Sub-critical Thermal,,74,,Sanix Energy,,,,,,,,,,,42.635949,141.588574,,Sekitan,http://sekitan.jp/wp-content/uploads/2014/06/list-of-Coal-Fired-Power-Plants-in-Japan.pdf,,,,,,,,,,,,Japan,,WRI
1020062,Owase Mita,Oil,,Sub-critical Thermal,,875,1964-1987,Chubu,,,,,,,,,,,34.067,136.207,,Chubu Electric Power Company,http://www.chuden.co.jp/english/resource/corporate/facilities_map_2015.pdf,,,,,,,,,,,,Japan,,GEODB
1020120,Mori,Geothermal,,,,50,1982,TOHOKU ELECTRIC POWER CO,Operational,Mori-machi,,,,,,,,,42.1331,140.4553,,Japanese Electric Power Information Center,https://www.jepic.or.jp/en/,,,,,,,,,,,,Japan,,GEODB
1026465,Aoi Solar Power Plant,Solar,,PV,,2,,Softbank Shizuoka Aoi Solar Park,,,,,,,,,,,35.0312,138.3627,,SoftBank,http://www.softbank.jp/en/corp/csr/future/instance_04/contents_05/,,,,,,,,,,,,Japan,,Industry About
1026466,Ashikita Solar Power Plant,Solar,,PV,,21.5,,OCE Ashikita Mega Solar Corporation,,,,,,,,,,,32.2093,130.477,,Obyashi,http://www.obayashi.co.jp,,,,,,,,,,,,Japan,,Industry About
1026467,Awaji Kifune Solar Power Plant,Solar,,PV,,34.7,,Awaji Kifune Solar Power Plant Corporation,,,,,,,,,,,34.587,134.9754,,Solar Asset Management,http://www.solarassetmanagement.asia/top-25-largest-projects,,,,,,,,,,,,Japan,,Industry About
1026468,Fujimi-machi Solar Power Plant,Solar,,PV,,8,,Fujimi Solar Energy,,,,,,,,,,,35.8946,138.2591,,Nikkei Business Publications,http://techon.nikkeibp.co.jp/english/NEWS_EN/20141022/384122/?ST=msbe,,,,,,,,,,,,Japan,,Industry About
1026469,Fukuroda Solar Power Plant,Solar,,PV,,31,,Gestamp Asetym Solar Japan,,,,,,,,,,,36.8103,140.4359,,X-elio,http://www.x-elio.com/en/corporation/gestamp-solar,,,,,,,,,,,,Japan,,Industry About
1026470,Funakura Solar Power Plant,Solar,,PV,,7.7,,SGET Toyama Mega Solar Power Plant,,,,,,,,,,,36.5673,137.2367,,Nikkei Business Publications,http://techon.nikkeibp.co.jp/english/NEWS_EN/20150413/414062/?ST=msbe,,,,,,,,,,,,Japan,,Industry About
1026471,Futtsu Solar Power Plant,Solar,,PV,,42,,GE Energy Financial Services,,,,,,,,,,,35.236,139.8965,,Solar Daily,http://www.solardaily.com/reports/Pattern_Development_and_Green_Power_Investment_Complete_42_MW_Futtsu_Solar_Power_Project_in_Japan_999.html,,,,,,,,,,,,Japan,,Industry About
1026472,Hachinohe - Mitsui Solar Power Plant,Solar,,PV,,8,,Hachinohe Solar Power Plant,,,,,,,,,,,40.5506,141.4298,,Mitsui,https://www.mitsui.com/jp/en/csr/csrreport/2014/__icsFiles/afieldfile/2015/09/08/en_csr_detail_2014-13.pdf,,,,,,,,,,,,Japan,,Industry About
1026473,Hachinohe - Tohoku Electric Solar Power Plant,Solar,,PV,,1.5,,Hachinohe Solar Power Station,,,,,,,,,,,40.535,141.5121,,Toshiba,https://www.toshiba.co.jp/about/press/2010_09/pr2701.htm,,,,,,,,,,,,Japan,,Industry About
1026474,Hibiki - Eneseed Solar Power Plant,Solar,,PV,,20.5,,Eneseed Hibiki Co Ltd,,,,,,,,,,,33.9215,130.7774,,Photon,http://www.photon.info/en/news/eneseed-hibiki-energizes-20-mw-japanese-pv-power-plant-relying-asahi-glass-products,,,,,,,,,,,,Japan,,Industry About
1026475,Higashiyama Solar Power Plant,Solar,,PV,,1.8,,Renewable Japan Co Ltd,,,,,,,,,,,39.0071,141.2705,,Renewable Japan Co Ltd,http://www.rn-j.com/en/project/ichinoseki-higashiyama-power-plant-location-iwate,,,,,,,,,,,,Japan,,Industry About
1026477,Himeji Solar Power Plant,Solar,,PV,,10,,Idemitsu Green Power Co Ltd,,,,,,,,,,,34.779,134.6942,,Idemitsu,http://www.idemitsu.com/products/energy/solar/index.html,,,,,,,,,,,,Japan,,Industry About
1026478,Iidaka Solar Power Plant,Solar,,PV,,1.9,,Renewable Japan Co Ltd,,,,,,,,,,,34.4436,136.355,,Renewable Japan Co Ltd,http://www.rn-j.com/en/project,,,,,,,,,,,,Japan,,Industry About
1026479,Ikawa - Juwi Solar Power Plant,Solar,,PV,,1.5,,Juwi Shizen Energy Inc,,,,,,,,,,,39.8866,140.1272,,Juwi Shizen Energy Inc,http://www.shizenenergy.net/en/projects/powerplant.html,,,,,,,,,,,,Japan,,Industry About
1026480,Ikushima - Kyocera Solar Power Plant,Solar,,PV,,2.4,,Kyocera TCL Solar LLC,,,,,,,,,,,34.3644,133.9672,,Kyocera Solar,http://www.kyocera.co.jp/solar/es/,,,,,,,,,,,,Japan,,Industry About
1026481,Imizu - Orix Solar Power Plant,Solar,,PV,,2.5,,Orix Corporation,,,,,,,,,,,36.7509,137.1264,,Nikkei Business Publications,http://techon.nikkeibp.co.jp/english/NEWS_EN/20131219/323800/?ST=msbe,,,,,,,,,,,,Japan,,Industry About
1026482,Ise Futami Solar Power Plant,Solar,,PV,,7.7,,Ise Futami Mega Solar Hikari no Machi,,,,,,,,,,,34.4941,136.7636,,Nikkei Business Publications,http://techon.nikkeibp.co.jp/atclen/news_en/15mk/120300218/?ST=msbe,,,,,,,,,,,,Japan,,Industry About
1026483,Itano Solar Power Plant,Solar,,PV,,2.8,,Softbank Tokushima Rinku Solar Park,,,,,,,,,,,34.1365,134.6201,,SoftBank,http://www.softbank.jp/en/corp/csr/future/instance_04/contents_05/,,,,,,,,,,,,Japan,,Industry About
1026485,Izamizawa Solar Power Plant,Solar,,PV,,9,2016,Daiwa PI Partners Co Ltd,,,,,,,,,,,43.1717,141.7018,,Daiwa PI Partners Co Ltd,http://dpipartners.co.jp/english/solution/sol60.html,,,,,,,,,,,,Japan,,Industry About
1026486,Izumi Solar Power Plant,Solar,,PV,,2.6,,Ichigo ECO Energy Co Ltd,,,,,,,,,,,35.422,133.4311,,Ichigo ECO Energy Co Ltd,https://www.ichigo.gr.jp/eco/english/,,,,,,,,,,,,Japan,,Industry About
1026487,Izumiotsu Solar Power Plant,Solar,,PV,,19.6,,SoftBank Izumiotsu Solar Park,,,,,,,,,,,34.5179,135.3734,,Kyocera Solar,http://www.kyocera.co.jp/solar/es/,,,,,,,,,,,,Japan,,Industry About
1026488,Izunokuni Solar Power Plant,Solar,,PV,,2.2,,Renewable Japan Co Ltd,,,,,,,,,,,35.0356,138.932,,Renewable Japan Co Ltd,http://www.rn-j.com/en/project,,,,,,,,,,,,Japan,,Industry About
1026489,Joetsu Solar Power Plant,Solar,,PV,,2,,Inpex Mega Solar Joetsu,,,,,,,,,,,37.2117,138.3126,,Nikkei Business Publications,http://techon.nikkeibp.co.jp/english/NEWS_EN/20150824/432920/?ST=msbe,,,,,,,,,,,,Japan,,Industry About
1026490,Kagoshima - Nanatsujima Solar Power Plant,Solar,,PV,,70,,Kagoshima Mega Solar Power Corporation,,,,,,,,,,,31.4665,130.526,,Kyocera Solar,http://www.kyocera.co.jp/solar/es/,,,,,,,,,,,,Japan,,Industry About
1026494,Kikugawa Horinouchiya Solar Power Plant,Solar,,PV,,7.5,,Kikugawa Horinouchiya Solar Inc,,,,,,,,,,,34.6689,138.0921,,Renova,http://www.renovainc.jp/business/power_plant,,,,,,,,,,,,Japan,,Industry About
1026495,Kikugawa Ishiyama Solar Power Plant,Solar,,PV,,9.4,,Kikugawa Ishiyama Solar Inc,,,,,,,,,,,34.6698,138.0993,,Renova,http://www.renovainc.jp/business/power_plant,,,,,,,,,,,,Japan,,Industry About
1026496,Kinugawa Solar Power Plant,Solar,,PV,,1.2,,Solaer,,,,,,,,,,,36.8174,139.7187,,Solaer,https://www.google.com/maps/d/embed?mid=1bXiXRcLRnBCUfpkHM2J5EVryhG4&ll=31.06035315253383%2C35.02284616406246&z=8,,,,,,,,,,,,Japan,,Industry About
1026497,Kisozaki Solar Power Plant,Solar,,PV,,49,,Kisozaki MegaSolar Corporation,,,,,,,,,,,35.041,136.7542,,Renova,http://www.renovainc.jp/business/power_plant,,,,,,,,,,,,Japan,,Industry About
1026498,Kitakyushu - FirstSolar Solar Power Plant,Solar,,PV,,1.3,,Kitakyushu Solar Power Plant,,,,,,,,,,,33.8862,130.7401,,First Solar,http://www.firstsolar.com/en/About-Us/Projects,,,,,,,,,,,,Japan,,Industry About
1026499,Kitakyushu 13 Solar Power Plant,Solar,,PV,,13,,Kitakyushu 13 Solar Power Station,,,,,,,,,,,33.9263,130.8094,,Renova,http://www.renovainc.jp/business/power_plant,,,,,,,,,,,,Japan,,Industry About
1026500,Kitsuki Solar Power Plant,Solar,,PV,,24.4,,Hanwha Solar Power Kitsuki,,,,,,,,,,,33.4305,131.5514,,Hanwha Solar Power Kitsuki,http://www.hanwha-qcells.com,,,,,,,,,,,,Japan,,Industry About
1026501,Kizuna Solar Power Plant,Solar,,PV,,3.6,,Mitsui & Co Ltd,,,,,,,,,,,38.364,141.1541,,Mitsui,https://www.mitsui.com/jp/en/csr/csrreport/2014/__icsFiles/afieldfile/2015/09/08/en_csr_detail_2014-13.pdf,,,,,,,,,,,,Japan,,Industry About
1026502,Kokonoe Solar Power Plant,Solar,,PV,,25.4,,G.K. Kokonoe Solar SPC,,,,,,,,,,,33.2263,131.247,,Renova,http://www.renovainc.jp/business/power_plant,,,,,,,,,,,,Japan,,Industry About
1026503,Komatsushima - Nippon Paper 1 Solar Power Plant,Solar,,PV,,21,,Nippon Paper Mega Solar Komatsushima LLC,,,,,,,,,,,33.9887,134.6144,,Nippon Paper Group,http://www.nipponpapergroup.com/english/news/year/2015/news150213003023.html,,,,,,,,,,,,Japan,,Industry About
1026504,Komatsushima - Nippon Paper 2 Solar Power Plant,Solar,,PV,,21,,Nippon Paper Mega Solar Komatsushima LLC,,,,,,,,,,,33.9845,134.618,,Nippon Paper Group,http://www.nipponpapergroup.com/english/news/year/2015/news150213003023.html,,,,,,,,,,,,Japan,,Industry About
1026505,Komatsushima - Nippon Paper 3 Solar Power Plant,Solar,,PV,,21,,Nippon Paper Mega Solar Komatsushima LLC,,,,,,,,,,,33.9869,134.6251,,Nippon Paper Group,http://www.nipponpapergroup.com/english/news/year/2015/news150213003023.html,,,,,,,,,,,,Japan,,Industry About
1026506,Komatsushima - Softbank Solar Power Plant,Solar,,PV,,2.8,,Softbank Tokushima Komatsushima Solar Park,,,,,,,,,,,33.9878,134.6176,,SoftBank,http://www.softbank.jp/en/corp/csr/future/instance_04/contents_05/,,,,,,,,,,,,Japan,,Industry About
1026507,Komekurayama Solar Power Plant,Solar,,PV,,10,,Tokyo Electric Power Co Inc (TEPCO),,,,,,,,,,,35.5821,138.5728,,TEPCO,http://www.tepco.co.jp/en/challenge/energy/megasolar/index-e.html,,,,,,,,,,,,Japan,,Industry About
1026508,Koriyama - Kyocera Solar Power Plant,Solar,,PV,,1.5,,Kyocera Chemical Corporation,,,,,,,,,,,37.4482,140.3005,,Kyocera Solar,http://www.kyocera.co.jp/solar/es/,,,,,,,,,,,,Japan,,Industry About
1026509,Koshimizu Solar Power Plant,Solar,,PV,,9,,Mirai Power Corporation,,,,,,,,,,,43.8681,144.4835,,Nichicon Corporation,http://www.nichicon.co.jp/english/product_news/new145.html,,,,,,,,,,,,Japan,,Industry About
1026510,Koyagi Solar Power Plant,Solar,,PV,,2.6,,Softbank Nagasaki Koyagi Solar Park,,,,,,,,,,,32.6814,129.8025,,SoftBank,http://www.softbank.jp/en/corp/csr/future/instance_04/contents_05/,,,,,,,,,,,,Japan,,Industry About
1026511,Kumamoto Arao Solar Power Plant,Solar,,PV,,22.4,,Kumamoto Arao Solar Park,,,,,,,,,,,32.9971,130.4227,,Mitsui,https://www.mitsui.com/jp/en/csr/csrreport/2014/__icsFiles/afieldfile/2015/09/08/en_csr_detail_2014-13.pdf,,,,,,,,,,,,Japan,,Industry About
1026512,Kurisu Solar Power Plant,Solar,,PV,,3.5,,Juwi Shizen Energy Inc,,,,,,,,,,,34.3694,132.1341,,Juwi Shizen Energy Inc,http://www.shizenenergy.net/en/projects/powerplant.html,,,,,,,,,,,,Japan,,Industry About
1026513,Kushira Solar Power Plant,Solar,,PV,,7.8,,K Clean Energy,,,,,,,,,,,31.3728,130.9583,,Nikkei Business Publications,http://techon.nikkeibp.co.jp/english/NEWS_EN/20141216/394813/?ST=msbe,,,,,,,,,,,,Japan,,Industry About
1026514,Boyo Kushiro,Solar,,PV,,1.4,2014,Daiwa PI Partners Co Ltd,,,,,,,,,,,42.9622,144.4266,,Daiwa PI Partners Co Ltd,http://dpipartners.co.jp/english/solution/sol60.html,,,,,,,,,,,,Japan,,Industry About
1026515,Kushiro - Hoshigaura Solar Power Plant,Solar,,PV,,1.5,,Kushiro Hoshigaura Solar Park,,,,,,,,,,,43.0066,144.3175,,Japan Asia Group,http://www.japanasiagroup.jp/english/cms/pdf/444/2012-09-06.pdf,,,,,,,,,,,,Japan,,Industry About
1026516,Masuura Kushiro,Solar,,PV,,2.1,2014,Daiwa PI Partners Co Ltd,,,,,,,,,,,42.9559,144.4354,,Daiwa PI Partners Co Ltd,http://dpipartners.co.jp/english/solution/sol60.html,,,,,,,,,,,,Japan,,Industry About
1026517,Kushiro - Tsuruno Solar Power Plant,Solar,,PV,,21.7,,Kushiro Tsuruno Mega Solar Project,,,,,,,,,,,43.0227,144.2989,,Grid Hub,https://gridhub.com/renewable_energy_parks/kushiro-tsuruno-mega-solar,,,,,,,,,,,,Japan,,Industry About
1026518,Kyoto - Softbank Solar Power Plant,Solar,,PV,,4.2,,Softbank Kyoto Solar Park,,,,,,,,,,,34.921,135.7165,,SoftBank,http://www.softbank.jp/en/corp/csr/future/instance_04/contents_05/,,,,,,,,,,,,Japan,,Industry About
1026519,Makurazaki Airport Solar Power Plant,Solar,,PV,,8.3,,K Clean Energy,,,,,,,,,,,31.266,130.3562,,Nikkei Business Publications,http://techon.nikkeibp.co.jp/english/NEWS_EN/20140905/374503/?ST=msbe,,,,,,,,,,,,Japan,,Industry About
1026520,Matsukawa Solar Power Plant,Solar,,PV,,1.1,,Renewable Japan Co Ltd,,,,,,,,,,,38.9439,141.2542,,Renewable Japan Co Ltd,http://www.rn-j.com/en/project,,,,,,,,,,,,Japan,,Industry About
1026522,Mihama Solar Power Plant,Solar,,PV,,13,,Mirai Power Corporation,,,,,,,,,,,34.7607,136.9261,,Sojitz Corporation,https://www.sojitz.com/en/news/2015/10/20151001.php,,,,,,,,,,,,Japan,,Industry About
1026523,Minabe Solar Power Plant,Solar,,PV,,1.1,,Juwi Shizen Energy Inc,,,,,,,,,,,33.8324,135.348,,Juwi Shizen Energy Inc,http://www.shizenenergy.net/en/projects/powerplant.html,,,,,,,,,,,,Japan,,Industry About
1026524,Minami Alps Solar Power Plant,Solar,,PV,,2.7,,K Clean Energy,,,,,,,,,,,35.6654,138.4526,,Fuji Electric,http://www.fujielectric.com/company/news/2012/20121203000004666.html,,,,,,,,,,,,Japan,,Industry About
1026526,Mito Solar Power Plant,Solar,,PV,,39.2,,Mito Newtown Mega Solar Park JV,,,,,,,,,,,36.4576,140.3867,,Schneider Electric,http://solar.schneider-electric.com/nippon-renewable-energy-schneider-electric-announce-technology-partnership-36mw-mito-solar-power-plant-commissioning/,,,,,,,,,,,,Japan,,Industry About
1026527,Mitoyo Solar Power Plant,Solar,,PV,,2,,K Clean Energy,,,,,,,,,,,34.1616,133.7667,,PV Magazine,https://www.pv-magazine.com/2013/10/22/pv-boom-continues-to-shape-japanese-prefectures_100013192/,,,,,,,,,,,,Japan,,Industry About
1026528,Miyama Solar Power Plant,Solar,,PV,,22.3,,Kyushu Solar Farm 7 Miyama Joint Power Station,,,,,,,,,,,33.0825,130.4156,,Obyashi,http://www.obayashi.co.jp,,,,,,,,,,,,Japan,,Industry About
1026529,Muroran Hatchodaira Solar Power Plant,Solar,,PV,,1.2,,Ichigo ECO Energy Co Ltd,,,,,,,,,,,42.3721,141.0188,,Ichigo ECO Energy Co Ltd,https://www.ichigo.gr.jp/eco/english/,,,,,,,,,,,,Japan,,Industry About
1026530,Nago Futami Solar Power Plant,Solar,,PV,,8.4,,Ichigo ECO Energy Co Ltd,,,,,,,,,,,26.5451,128.0296,,Ichigo ECO Energy Co Ltd,https://www.ichigo.gr.jp/eco/english/,,,,,,,,,,,,Japan,,Industry About
1026531,Nakakuma Solar Power Plant,Solar,,PV,,2.5,,K Clean Energy,,,,,,,,,,,32.1957,130.878,,Nikkei Business Publications,http://techon.nikkeibp.co.jp/english/NEWS_EN/20150708/426922/?ST=msbe,,,,,,,,,,,,Japan,,Industry About
1026532,Nasushiobara - Softbank Solar Power Plant (Under Construction),Solar,,PV,,13.9,,SB Energy Corporation,,,,,,,,,,,36.9384,139.9416,,SoftBank,http://www.softbank.jp/en/corp/csr/future/instance_04/contents_05/,,,,,,,,,,,,Japan,,Industry About
1026533,Nishiki - Sojitz Solar Power Plant,Solar,,PV,,13,,Mirai Power Corporation,,,,,,,,,,,32.2296,130.8182,,Sojitz Corporation,https://www.sojitz.com/en/news/2014/12/20141211.php,,,,,,,,,,,,Japan,,Industry About
1026534,Ofunato Solar Power Plant,Solar,,PV,,19.8,2015,Daiwa PI Partners Co Ltd,,,,,,,,,,,39.1713,141.7256,,Daiwa PI Partners Co Ltd,http://dpipartners.co.jp/english/solution/sol60.html,,,,,,,,,,,,Japan,,Industry About
1026535,Ogishima Solar Power Plant,Solar,,PV,,13,,Tokyo Electric Power Co Inc (TEPCO),,,,,,,,,,,35.4888,139.7268,,TEPCO,http://www.tepco.co.jp/en/challenge/energy/megasolar/index-e.html,,,,,,,,,,,,Japan,,Industry About
1026536,Oita - Hoso Solar Power Plant,Solar,,PV,,11,,Mega Solar Oita Hoso Power Plant,,,,,,,,,,,33.2323,131.7759,,Mitsui,https://www.mitsui.com/jp/en/csr/csrreport/2014/__icsFiles/afieldfile/2015/09/08/en_csr_detail_2014-13.pdf,,,,,,,,,,,,Japan,,Industry About
1026539,Oita - Mitsui Fudosan Solar Power Plant,Solar,,PV,,21,,Mitsui Engineering & Shipbuilding/Mitsui Fudosan Oita Solar Power Plant,,,,,,,,,,,33.2503,131.7604,,Mitsui,https://www.mitsui.com/jp/en/csr/csrreport/2014/__icsFiles/afieldfile/2015/09/08/en_csr_detail_2014-13.pdf,,,,,,,,,,,,Japan,,Industry About
1026540,Omuta Miikekou Solar Power Plant,Solar,,PV,,20,,SoftBank Omuta Miikekou Solar Park,,,,,,,,,,,33.0029,130.4006,,Mitsui,https://www.mitsui.com/jp/en/csr/csrreport/2014/__icsFiles/afieldfile/2015/09/08/en_csr_detail_2014-13.pdf,,,,,,,,,,,,Japan,,Industry About
1026543,Onbetsu Solar Power Plant,Solar,,PV,,20,,Eco Power JP Co Ltd,,,,,,,,,,,42.9061,143.9641,,Kamipa,https://www.kamipa.co.jp/eng/news/394,,,,,,,,,,,,Japan,,Industry About
1026544,Osakikamijima Solar Power Plant,Solar,,PV,,13.7,,Setouchi Natural Power Limited,,,,,,,,,,,34.239,132.8505,,Impact Electrons,http://www.impactelectrons.com/projects/,,,,,,,,,,,,Japan,,Industry About
1026545,Ozu Solar Power Plant,Solar,,PV,,1.1,,Juwi Shizen Energy Inc,,,,,,,,,,,32.8724,130.9056,,Juwi Shizen Energy Inc,http://www.shizenenergy.net/en/projects/powerplant.html,,,,,,,,,,,,Japan,,Industry About
1026548,Saijo - Itochu Solar Power Plant,Solar,,PV,,33.8,,Saijo Komatsu Solar Power Plant,,,,,,,,,,,33.9429,133.1122,,Itochu,http://www.itochu.co.jp,,,,,,,,,,,,Japan,,Industry About
1026550,Saijocho Taguchi Solar Power Plant,Solar,,PV,,2.7,,Ichigo ECO Energy Co Ltd,,,,,,,,,,,34.385,132.7326,,Ichigo ECO Energy Co Ltd,https://www.ichigo.gr.jp/eco/english/,,,,,,,,,,,,Japan,,Industry About
1026551,Sakai Solar Power Plant,Solar,,PV,,28,,Kansai Electric Power Co Inc,,,,,,,,,,,34.5842,135.4086,,SHARP,http://www.sharp-world.com/corporate/news/080623_1.html,,,,,,,,,,,,Japan,,Industry About
1026552,Sakaide - JAG Solar Power Plant,Solar,,PV,,2,,Sakaide SolarWay,,,,,,,,,,,34.3451,133.8846,,Japan Asia Group,http://www.japanasiagroup.jp/english/cms/pdf/444/2012-09-06.pdf,,,,,,,,,,,,Japan,,Industry About
1026553,Sanyo Onoda Solar Power Plant,Solar,,PV,,21,,Mitsui Engineering & Shipbuilding/Mitsui Fudosan Oita Solar Power Plant,,,,,,,,,,,33.9884,131.1656,,Mitsui,https://www.mitsui.com/jp/en/csr/csrreport/2014/__icsFiles/afieldfile/2015/09/08/en_csr_detail_2014-13.pdf,,,,,,,,,,,,Japan,,Industry About
1026555,Sharp - Yaita Solar Power Plant,Solar,,PV,,1.7,,Sharp Yaita Solar Park,,,,,,,,,,,36.7632,139.9263,,Nikkei Business Publications,http://techon.nikkeibp.co.jp/english/NEWS_EN/20131227/325300/?ST=msbe,,,,,,,,,,,,Japan,,Industry About
1026557,Shibushi - Solarig Solar Power Plant,Solar,,PV,,1.7,,Solarig Holding,,,,,,,,,,,31.4911,131.1142,,Solarig Holdings,http://www.solarserver.com/news/news-e-1219.html,,,,,,,,,,,,Japan,,Industry About
1026560,Shinto - Softbank Solar Power Plant,Solar,,PV,,2.4,,Softbank Shinto Solar Park,,,,,,,,,,,36.465,138.9225,,SoftBank,http://www.softbank.jp/en/corp/csr/future/instance_04/contents_05/,,,,,,,,,,,,Japan,,Industry About
1026562,Shiraoi - Softbank Solar Power Plant,Solar,,PV,,2.6,,Softbank Shiraoi Solar Park,,,,,,,,,,,42.5445,141.3398,,SoftBank,http://www.softbank.jp/en/corp/csr/future/instance_04/contents_05/,,,,,,,,,,,,Japan,,Industry About
1026563,Suigo Itako Solar Power Plant,Solar,,PV,,14,,Suigo Itako Solar Inc,,,,,,,,,,,35.9472,140.586,,Renova,http://www.renovainc.jp/business/power_plant,,,,,,,,,,,,Japan,,Industry About
1026564,Sukagawa Solar Power Plant,Solar,,PV,,26.3,,Sunny Solar Fukushima Central Plant,,,,,,,,,,,37.2982,140.4464,,Hanwha Solar Power Kitsuki,http://www.hanwha.com/en/news_and_media/press_release/hanwha_q_cells_solar_modules_to_deliver_26_2_mwp_of_clean_energy_to_fukushimas_main_quake_area.html,,,,,,,,,,,,Japan,,Industry About
1026565,Tahara Daiichi Solar Power Plant,Solar,,PV,,40.2,,Tahara Solar Co Ltd,,,,,,,,,,,34.7253,137.2852,,Nikkei Business Publications,http://techon.nikkeibp.co.jp/english/NEWS_EN/20150519/418861/?ST=msbe,,,,,,,,,,,,Japan,,Industry About
1026566,Tahara Daini Solar Power Plant,Solar,,PV,,40.7,,Tahara Solar Co Ltd,,,,,,,,,,,34.6916,137.244,,Nikkei Business Publications,http://techon.nikkeibp.co.jp/english/NEWS_EN/20150519/418861/?ST=msbe,,,,,,,,,,,,Japan,,Industry About
1026567,Tahara Wind Solar Power Plant,Solar,,PV,,50,,The Trans Value Trust Company Ltd,,,,,,,,,,,34.7135,137.2684,,Rakuten Trust,http://www.rakuten-trust.co.jp,,,,,,,,,,,,Japan,,Industry About
1026568,Takakuma Solar Power Plant,Solar,,PV,,4.3,,Renewable Japan Co Ltd,,,,,,,,,,,31.4727,130.8606,,Renewable Japan Co Ltd,http://www.rn-j.com/en/project,,,,,,,,,,,,Japan,,Industry About
1026569,Takasago - Softbank Solar Power Plant,Solar,,PV,,3.4,,Softbank Takasago Solar Park,,,,,,,,,,,34.7634,134.7657,,SoftBank,http://www.softbank.jp/en/corp/csr/future/instance_04/contents_05/,,,,,,,,,,,,Japan,,Industry About
1026570,Takatoge Solar Power Plant,Solar,,PV,,9.4,,Renewable Japan Co Ltd,,,,,,,,,,,31.5242,130.7666,,Renewable Japan Co Ltd,http://www.rn-j.com/en/project,,,,,,,,,,,,Japan,,Industry About
1026571,Taketoyo Solar Power Plant,Solar,,PV,,7.5,,Taketoyo Mega Solar Power Plant,,,,,,,,,,,34.8159,136.9237,,Nikkei Business Publications,http://techon.nikkeibp.co.jp/atclen/news_en/15mk/122601039/?ST=msbe,,,,,,,,,,,,Japan,,Industry About
1026572,Takidai Solar Power Plant,Solar,,PV,,4.5,,Phono Solar Technology Co Ltd,,,,,,,,,,,35.5859,140.318,,Phono Solar,http://www.phonosolar.com,,,,,,,,,,,,Japan,,Industry About
1026574,Tokushima Higashi-Okinosu Solar Power Plant,Solar,,PV,,2.5,,Ichigo ECO Energy Co Ltd,,,,,,,,,,,34.0598,134.6041,,Ichigo ECO Energy Co Ltd,https://www.ichigo.gr.jp/eco/english/,,,,,,,,,,,,Japan,,Industry About
1026575,Tomakomai - Japan Petroleum Solar Power Plant,Solar,,PV,,2.4,,Japan Petroleum Exploration Company Limited (JAPEX),,,,,,,,,,,42.659,141.6902,,JAPEX,http://www.japex.co.jp/english/business/innovate/geothermal.html,,,,,,,,,,,,Japan,,Industry About
1026577,Tomakomai - Mitsui Fudosan Solar Power Plant,Solar,,PV,,23,,Mitsui Fudosan Tomakomai Solar Power Plant,,,,,,,,,,,42.6552,141.6755,,Mitsui,https://www.mitsui.com/jp/en/csr/csrreport/2014/__icsFiles/afieldfile/2015/09/08/en_csr_detail_2014-13.pdf,,,,,,,,,,,,Japan,,Industry About
1026579,Tomatoh Abira Solar Power Plant,Solar,,PV,,111,,Softbank Tomatoh Abira Solar Park,,,,,,,,,,,42.7125,141.7923,,Mitsui,https://www.mitsui.com/jp/en/csr/csrreport/2014/__icsFiles/afieldfile/2015/09/08/en_csr_detail_2014-13.pdf,,,,,,,,,,,,Japan,,Industry About
1026581,Tottori Yonago Solar Power Plant,Solar,,PV,,42.9,,Tottori-Yonago Solar Park Corporation,,,,,,,,,,,35.4716,133.2511,,Mitsui,https://www.mitsui.com/jp/en/csr/csrreport/2014/__icsFiles/afieldfile/2015/09/08/en_csr_detail_2014-13.pdf,,,,,,,,,,,,Japan,,Industry About
1026582,Toyama - Softbank Solar Power Plant,Solar,,PV,,2.8,,Softbank Toyama Fuchu Solar Park,,,,,,,,,,,36.6341,137.1612,,SoftBank,http://www.softbank.jp/en/corp/csr/future/instance_04/contents_05/,,,,,,,,,,,,Japan,,Industry About
1026583,Toyokawa Mitocho Solar Power Plant,Solar,,PV,,1.8,,Ichigo ECO Energy Co Ltd,,,,,,,,,,,34.7928,137.3094,,Ichigo ECO Energy Co Ltd,https://www.ichigo.gr.jp/eco/english/,,,,,,,,,,,,Japan,,Industry About
1026585,Tsumagoi Solar Power Plant,Solar,,PV,,2.2,,SGET Tsumagoi Mega Solar Power Plant,,,,,,,,,,,36.4954,138.5006,,Sparx Group,https://www.sparxgroup.com/press/uploads/pressE20130823-01.pdf,,,,,,,,,,,,Japan,,Industry About
1026587,Ube - Softbank Solar Power Plant,Solar,,PV,,2.4,,Softbank Ube Yamaguchi Solar Park,,,,,,,,,,,33.9894,131.2638,,SoftBank,http://www.softbank.jp/en/corp/csr/future/instance_04/contents_05/,,,,,,,,,,,,Japan,,Industry About
1026588,Ube - US Solar Power Plant,Solar,,PV,,21.3,,US Power Corporation,,,,,,,,,,,33.9528,131.2212,,Solar Frontier,http://www.solar-frontier.com/eng/news/2014/C037172.html,,,,,,,,,,,,Japan,,Industry About
1026589,Ukishima Solar Power Plant,Solar,,PV,,7,,Tokyo Electric Power Co Inc (TEPCO),,,,,,,,,,,35.5174,139.7869,,TEPCO,http://www.tepco.co.jp/en/challenge/energy/megasolar/index-e.html,,,,,,,,,,,,Japan,,Industry About
1026590,Ureshino Solar Power Plant,Solar,,PV,,1.6,,Softbank Ureshino Yoshida Solar Park,,,,,,,,,,,33.0907,130.0171,,SoftBank,http://www.softbank.jp/en/corp/csr/future/instance_04/contents_05/,,,,,,,,,,,,Japan,,Industry About
1026591,Ushiroda Solar Power Plant,Solar,,PV,,1.1,,Renewable Japan Co Ltd,,,,,,,,,,,31.3237,130.9254,,Renewable Japan Co Ltd,http://www.rn-j.com/en/project,,,,,,,,,,,,Japan,,Industry About
1026592,Wakkanai Solar Power Plant,Solar,,PV,,5,,Wakkanai Solar Power Station,,,,,,,,,,,45.3967,141.75,,Nikkei Business Publications,http://techon.nikkeibp.co.jp/english/NEWS_EN/20150306/407842/?ST=msbe,,,,,,,,,,,,Japan,,Industry About
1026593,Yabasekihanto Solar Power Plant,Solar,,PV,,8.5,,Kyocera TCL Solar LLC,,,,,,,,,,,35.0059,135.9107,,Kyocera Solar,http://www.kyocera.co.jp/solar/es/,,,,,,,,,,,,Japan,,Industry About
1026595,Yaita - Softbank Solar Power Plant,Solar,,PV,,4.6,,Softbank Yaita Solar Park,,,,,,,,,,,36.762,139.9298,,SoftBank,http://www.softbank.jp/en/corp/csr/future/instance_04/contents_05/,,,,,,,,,,,,Japan,,Industry About
1026559,Shinmaiko Solar Power Plant,Solar,,PV,,12.8,,C-Tech Corporation,,,,,,,,,,,34.9545,136.8157,,Nikkei Business Publications,http://techon.nikkeibp.co.jp/atclen/news_en/15mk/020400357/?SS=imgview_msbe&FD=46728356,,,,,,,,,,,,Japan,,Industry About
1026476,Hikari-no-Mori Solar Power Plant,Solar,,PV,,10,,Sumito Corporation,,,,,,,,,,,34.6558,135.3797,,Sumitomo Corporation,http://www.sumitomocorp.co.jp/english/news/detail/id=25528,,,,,,,,,,,,Japan,,Industry About
1026484,Iwanuma - Marubeni Solar Power Plant,Solar,,PV,,28.3,,Iwanuma Rinku Mega Solar Corporation,,,,,,,,,,,38.1205,140.922,,Marubeni Corporation,https://www.marubeni.com/news/2014/release/data/iwanuma_eng.pdf,,,,,,,,,,,,Japan,,Industry About
1026491,Kameyama Solar Power Plant,Solar,,PV,,5,,Sharp Corporation,,,,,,,,,,,34.8709,136.4078,,ORIX,http://www.orix.co.jp/grp/en/news/2014/140319_ORIXE.html,,,,,,,,,,,,Japan,,Industry About
1026492,Kamikawai Solar Power Plant,Solar,,PV,,13.5,,Nasukarasuyama Kamikawai Solar Corporation,,,,,,,,,,,36.7154,140.0755,,ORIX,http://www.orix.co.jp/grp/en/news/2014/140319_ORIXE.html,,,,,,,,,,,,Japan,,Industry About
1026493,Kamogawa Solar Power Plant,Solar,,PV,,31.2,,Kamogawa Mirai Solar,,,,,,,,,,,35.1504,140.2056,,JGC Corporation,http://www.jgc.com/en/DisplayHtml/view/5,,,,,,,,,,,,Japan,,Industry About
1026521,Meishihama Solar Power Plant,Solar,,PV,,1.7,,K Clean Energy,,,,,,,,,,,32.9105,130.4656,,ORIX,http://www.orix.co.jp/grp/en/news/2013/130618_ORIXE.html,,,,,,,,,,,,Japan,,Industry About
1026525,Misaki Solar Power Plant,Solar,,PV,,10,,Eurus Misaki Solar Park,,,,,,,,,,,34.2954,135.1293,,Eurus Energy,http://eurus-energy.com/en/project/index.php?area=all,,,,,,,,,,,,Japan,,Industry About
1026537,Oita - JGC Solar Power Plant,Solar,,PV,,26.5,,JGC Mirai Solar Co Ltd,,,,,,,,,,,33.2558,131.7275,,JGC Corporation,http://www.jgc.com/en/04_media/01_news/2015/release/20150319.html,,,,,,,,,,,,Japan,,Industry About
1026538,Oita - Marubeni Solar Power Plant,Solar,,PV,,82,,Oita Solar Power Corporation,,,,,,,,,,,33.2596,131.7208,,Marubeni Corporation,https://www.marubeni.com/news/2015/release/20150622f.pdf,,,,,,,,,,,,Japan,,Industry About
1026541,Onahama 1 Solar Power Plant,Solar,,PV,,12,,Onahama Solar LLC,,,,,,,,,,,36.9442,140.8939,,Mitsubishi,http://www.mitsubishicorp.com/jp/en/pr/archive/2016/,,,,,,,,,,,,Japan,,Industry About
1026542,Onahama 2 Solar Power Plant,Solar,,PV,,6,,Onahama Izumi Solar LLC,,,,,,,,,,,36.9331,140.8544,,Mitsubishi,http://www.mitsubishicorp.com/jp/en/pr/archive/2016/,,,,,,,,,,,,Japan,,Industry About
1026546,Rokkasho - Chitosedaira North Solar Power Plant,Solar,,PV,,50,,Eurus Rokkasho Solar Park,,,,,,,,,,,40.8964,141.2815,,Eurus Energy,http://eurus-energy.com/en/project/index.php?area=all,,,,,,,,,,,,Japan,,Industry About
1026547,Rokkasho - Takahoko Solar Power Plant,Solar,,PV,,65,,Eurus Rokkasho Solar Park,,,,,,,,,,,40.9277,141.3642,,Eurus Energy,http://eurus-energy.com/en/project/index.php?area=all,,,,,,,,,,,,Japan,,Industry About
1026549,Saijo - Sumitomo Solar Power Plant,Solar,,PV,,23,,Saijo Solar Power Station,,,,,,,,,,,33.9263,133.1248,,Sumitomo Corporation,http://www.sumitomocorp.co.jp/english/special/21stcentury_sogoshosha/04.html,,,,,,,,,,,,Japan,,Industry About
1026556,Shibukawa Solar Power Plant,Solar,,PV,,2.4,,K Clean Energy,,,,,,,,,,,36.4752,138.986,,ORIX,https://www.orix.co.jp/grp/en/story/story_08.html,,,,,,,,,,,,Japan,,Industry About
1026558,Shinkai-machi Solar Power Plant,Solar,,PV,,11.7,,K Clean Energy,,,,,,,,,,,33.0428,130.4235,,ORIX,https://www.orix.co.jp/grp/en/story/story_08.html,,,,,,,,,,,,Japan,,Industry About
1026561,Shiranuka Solar Power Plant,Solar,,PV,,32.5,,Eurus Shiranuka Solar Park,,,,,,,,,,,42.9928,144.1857,,Eurus Energy,http://eurus-energy.com/en/project/index.php?area=all,,,,,,,,,,,,Japan,,Industry About
1026573,Tenmyo Solar Power Plant,Solar,,PV,,14,,Eurus Tenmyo Solar Park,,,,,,,,,,,37.8016,140.8531,,Eurus Energy,http://eurus-energy.com/en/project/index.php?area=all,,,,,,,,,,,,Japan,,Industry About
1026576,Tomakomai - Marubeni Solar Power Plant,Solar,,PV,,29.8,,Tomakomai Yufutsu Mega-Solar Corporation,,,,,,,,,,,42.6584,141.7268,,Marubeni Corporation,http://www.marubeni.com/news/2015/release/151027e.pdf,,,,,,,,,,,,Japan,,Industry About
1026578,Tomakomai - Sumitomo Solar Power Plant,Solar,,PV,,13,,Tomakomai Solar Power Station,,,,,,,,,,,42.6283,141.8413,,Sumitomo Corporation,http://www.sumitomocorp.co.jp,,,,,,,,,,,,Japan,,Industry About
1026580,Tomatoh no Mori Solar Power Plant,Solar,,PV,,45.6,,Tomakomai Solar Energy LLC,,,,,,,,,,,42.7014,141.7696,,ORIX,http://www.orix.co.jp/grp/en/news/2015/151224_ORIXE.html,,,,,,,,,,,,Japan,,Industry About
1026584,Toyokoro Solar Power Plant,Solar,,PV,,27.4,,Eurus Toyokoro Solar Park,,,,,,,,,,,42.7962,143.4918,,Eurus Energy,http://eurus-energy.com/en/project/index.php?area=all,,,,,,,,,,,,Japan,,Industry About
1026586,Tsunahigashi Solar Power Plant,Solar,,PV,,39.3,,Eurus Tsunahigashi Solar Park,,,,,,,,,,,34.4741,134.9238,,Eurus Energy,http://eurus-energy.com/en/project/index.php?area=all,,,,,,,,,,,,Japan,,Industry About
1026594,Yabukinakajima Solar Power Plant,Solar,,PV,,8,,Eurus Yabukinakajima Solar Park,,,,,,,,,,,37.1596,140.3583,,Eurus Energy,http://eurus-energy.com/en/project/index.php?area=all,,,,,,,,,,,,Japan,,Industry About
1026554,Sendai Solar Power Plant,Solar,,PV,,2,,Sendai Solar Power Station,,,,,,,,,,,38.318,141.0756,,Tohoku Electric Power Company,http://www.tohoku-epco.co.jp,,,,,,,,,,,,Japan,,Industry About
1000728,Okutadami,Hydro,,,,560,,EPDC,,,,,,,,,,,37.152917,139.250417,,Japanese Electric Power Information Center,https://www.jepic.or.jp/en/,,,,,,,,,,,,Japan,,WRI
1000729,Tagokura,Hydro,,,,395,,EPDC,,,,,,,,,,,37.31125,139.28375,,Japanese Electric Power Information Center,https://www.jepic.or.jp/en/,,,,,,,,,,,,Japan,,WRI
1000708,Mazegawa Daiichi,Hydro,,Pumped Storage,,288,,Chubu,,,,,,,,,,,35.732917,137.139583,,Japanese Electric Power Information Center,https://www.jepic.or.jp/en/,,,,,,,,,,,,Japan,,WRI
1000701,Midono,Hydro,,Pumped Storage,,245,,Tokyo,,,,,,,,,,,36.15375,137.74625,,Japanese Electric Power Information Center,https://www.jepic.or.jp/en/,,,,,,,,,,,,Japan,,WRI
1000734,Miboro,Hydro,,,,215,,EPDC,,,,,,,,,,,36.137917,136.910417,,Japanese Electric Power Information Center,https://www.jepic.or.jp/en/,,,,,,,,,,,,Japan,,WRI
1020020,Hatanagi No.2,Hydro,,,,87,,Chubu,,,,,,,,,,,35.324583,138.179583,,Chubu Electric Power Company,http://www.chuden.co.jp/english/corporate/ecor_company/ecom_reference/eref_facilities/index.html?ceid=ul_me,,,,,,,,,,,,Japan,,WRI
1020021,Yokoyama,Hydro,,,,70,,Chubu,,,,,,,,,,,35.595417,136.45625,,Chubu Electric Power Company,http://www.chuden.co.jp/english/corporate/ecor_company/ecom_reference/eref_facilities/index.html?ceid=ul_me,,,,,,,,,,,,Japan,,WRI
1020023,Mazegawa No.2,Hydro,,,,66,,Chubu,,,,,,,,,,,35.732917,137.139583,,Chubu Electric Power Company,http://www.chuden.co.jp/english/corporate/ecor_company/ecom_reference/eref_facilities/index.html?ceid=ul_me,,,,,,,,,,,,Japan,,WRI
1020024,Ikawa,Hydro,,,,62,,Chubu,,,,,,,,,,,35.212083,138.224583,,Chubu Electric Power Company,http://www.chuden.co.jp/english/corporate/ecor_company/ecom_reference/eref_facilities/index.html?ceid=ul_me,,,,,,,,,,,,Japan,,WRI
1020026,Yahagi No.1,Hydro,,,,61,,Chubu,,,,,,,,,,,35.240417,137.39125,,Chubu Electric Power Company,http://www.chuden.co.jp/english/corporate/ecor_company/ecom_reference/eref_facilities/index.html?ceid=ul_me,,,,,,,,,,,,Japan,,WRI
1020063,Fukuyama Recyling Power,Waste,,Waste Incinerator,,21,2004,"Fukuyama Recycle Power Co., Ltd.",,,,,,,,,,,34.430538,133.434443,,FRPC,http://www.frpc.co.jp/gaiyou.html,,,,,,,,,,,,Japan,,WRI
1000646,Nanaoota,Coal,,,,1200,,Hokuriku,,,,,,,,,,,37.0664,137.004,,Japanese Electric Power Information Center,https://www.jepic.or.jp/en/,,,,,,,,,,,,Japan,,WRI
1000623,Hirono,Crude,Coal,,,4400,,Tokyo,,,,,,,,,,,37.235125,141.016232,,Japanese Electric Power Information Center,https://www.jepic.or.jp/en/,,,,,,,,,,,,Japan,,WRI
1000715,Matanogawa,Hydro,,Pumped Storage,,1200,,Chugoku,,,,,,,,,,,35.262372,133.491802,,Japanese Electric Power Information Center,https://www.jepic.or.jp/en/,,,,,,,,,,,,Japan,,WRI
1000725,Okukiyotsu,Hydro,,Pumped Storage,,1000,,EPDC,,,,,,,,,,,36.845876,138.76621,,Japanese Electric Power Information Center,https://www.jepic.or.jp/en/,,,,,,,,,,,,Japan,,WRI
1000718,Hongawa,Hydro,,Pumped Storage,,615,,Shikoku,,,,,,,,,,,33.765703,133.341065,,Japanese Electric Power Information Center,https://www.jepic.or.jp/en/,,,,,,,,,,,,Japan,,WRI
1020049,Sumitomo Metals Kashima Thermal,Coal,,Sub-critical Thermal,,475,,Nippon Steel &Sumitomo Metal,,,,,,,,,,,35.947471,140.689965,,Sekitan,http://sekitan.jp/wp-content/uploads/2014/06/list-of-Coal-Fired-Power-Plants-in-Japan.pdf,,,,,,,,,,,,Japan,,WRI
1000700,Kannagawa,Hydro,,Pumped Storage,,470,,Tokyo,,,,,,,,,,,36.033495,138.70541,,Japanese Electric Power Information Center,https://www.jepic.or.jp/en/,,,,,,,,,,,,Japan,,WRI
1020067,Kimitsu,Blast Furnace Gas,COG/OIL,CCGT,,300,1970-2012,KIMITSU COOP THERMAL POWER,Operational,Kimitsu City,,,,,,,,,35.36186983,139.8651195,,Hitachi,https://www.mhps.com/en/company/network/work/takasago/history.html,,,,,,,,,,,,Japan,,WRI
1020075,Chiba Kawatetsu,Blast Furnace Gas,NONE,,,400,2002,JFE Steel Corporation East Japan Works,Operational,Chiba-shi,,,,,,,,,35.571293,140.087851,,JFE Steel Corporation East Japan Works,http://www.jfe-steel.co.jp/products/energy/index.html,,,,,,,,,,,,Japan,,WRI
1020068,Kashima Kyodo,Blast Furnace Gas,COG/OIL,,"2x350, 1x300",1000,1973,KASHIMA KYODO ELEC POWER CO,Operational,Kashima-shi Kashima-gun,,,,,,,,,35.94144,140.688792,,Japanese Electric Power Information Center,https://www.jepic.or.jp/en/,,,,,,,,,,,,Japan,,WRI
1020089,Hirohata,Coal,,,,380,1999,NIPPON STEEL & SUMITOMO METAL,Operational,Himeji City,,,,,,,,,34.785394,134.6214,,NIPPON STEEL & SUMITOMO METAL,http://www.midrex.com/assets/user/media/DFM2007SPDecember.pdf,,,,,,,,,,,,Japan,,WRI
1020080,Nanyo Complex,Coal,NONE,,,829,2008,TOSOH CORP,Operational,Yamaguchi City,,,,,,,,,34.05433,131.757826,,Tosoh,http://www.tosoh.com/worldwide/japan-operations,,,,,,,,,,,,Japan,,WRI
1020235,Jozankei,Hydro,,,,120,1989,Hydropower and Dams,Operational,Otarunaigawa,http://www.hydropower-dams.com/d/d_S&East_Asia_Map.pdf,,,,,,,,42.987083,141.15625,,Japanese Electric Power Information Center,https://www.jepic.or.jp/en/,,,,,,,,,,Sapporo,,Japan,,WRI
1020236,Tadami,Hydro,,,,65,1989,,Operational,Tadamigawa,,,,,,,,,37.335417,139.300417,,Dam Site,http://damsite.m78.com/data/fukusima/tadami.html,,,,,,,,,,Aizuwakamatsu,,Japan,,WRI
1020237,Oshirakawa,Hydro,,,,59,1963,,Operational,Oshirakawa,,,,,,,,,36.14125,136.82125,,Suiryoku,http://www.suiryoku.com/gallery/gifu/miboro2/miboro2.html,,,,,,,,,,Gifu,,Japan,,WRI
1020228,Takisato,Hydro,,,,57,1999,HOKKAIDO ELECTRIC POWER CO INC,Operational,Ishikari River,,,,,,,,,43.443678,142.288317,,Hokkaido,https://web.archive.org/web/20140310212140/http://www.hepco.co.jp/english/environment/pdf/report2008.pdf,,,,,,,,,,,,Japan,,WRI
1020229,Uryu,Hydro,,,,51,1972,HOKKAIDO ELECTRIC POWER CO INC,Operational,Ishikari River,,,,,,,,,35.347807,140.373906,,Hokkaido,https://web.archive.org/web/20140310212140/http://www.hepco.co.jp/english/environment/pdf/report2008.pdf,,,,,,,,,,,,Japan,,WRI
1020234,Hoheiko,Hydro,,,,50,1972,HOKKAIDO ELECTRIC POWER CO INC,Operational,Ishikari River,,,,,,,,,42.915656,141.153707,,Hokkaido,https://web.archive.org/web/20140310212140/http://www.hepco.co.jp/english/environment/pdf/report2008.pdf,,,,,,,,,,,,Japan,,WRI
1020233,Okuniikappu,Hydro,,,,44,1963,HOKKAIDO ELECTRIC POWER CO INC,Operational,Convergence of Niikappu and Saru River,,,,,,,,,42.674101,142.677939,,Hokkaido,https://web.archive.org/web/20140310212140/http://www.hepco.co.jp/english/environment/pdf/report2008.pdf,,,,,,,,,,,,Japan,,WRI
1020230,Tomura,Hydro,,,,40,1978,HOKKAIDO ELECTRIC POWER CO INC,Operational,Tokachi River,,,,,,,,,43.433088,142.884049,,Hokkaido,https://web.archive.org/web/20140310212140/http://www.hepco.co.jp/english/environment/pdf/report2008.pdf,,,,,,,,,,,,Japan,,WRI
1020232,Tokachi,Hydro,,,,40,1985,HOKKAIDO ELECTRIC POWER CO INC,Operational,Tokachi River,,,,,,,,,43.240742,142.938758,,Hokkaido,https://web.archive.org/web/20140310212140/http://www.hepco.co.jp/english/environment/pdf/report2008.pdf,,,,,,,,,,,,Japan,,WRI
1020227,Nokanan,Hydro,,,,30,1971,HOKKAIDO ELECTRIC POWER CO INC,Operational,Ishikari River,,,,,,,,,43.487917,142.219583,,Hokkaido,https://web.archive.org/web/20140310212140/http://www.hepco.co.jp/english/environment/pdf/report2008.pdf,,,,,,,,,,Ashibetsu,,Japan,,WRI
1020070,Kawasaki CCGT,LNG,,CCGT,,840,2008,KAWASAKI NATURAL GAS POWER GEN,Operational,Kawasaki-shi,,,,,,,,,35.512059,139.762539,,Tokyo Gas,http://www.tokyo-gas.co.jp/IR/english/library/pdf/anual/15e09.pdf,,,,,,,,,,,,Japan,,WRI
1020069,Tobata,LNG,BFG/COG,,,891.75,1978-2010,TOBATA COOP THERMAL POWER CO,Operational,Tobata-ku Kitakyushi-shi,,,,,,,,,33.925004,130.846797,,Tobata Thermal Power Company,http://www.tobata-kyoka.co.jp/000home/homepage.htm,,,,,,,,,,,,Japan,,WRI
1020079,Mishima Mill (Taio),Oil,,,,500,1967-1985,Daio Paper Company,Operational,Mishima,,,,,,,,,33.989813,133.551561,,Daio Paper Corporation,http://www.daio-paper.co.jp/en/company/base/index.html,,,,,,,,,,,,Japan,,WRI
1020086,Kani Mill,Oil,,,4,70,2001,Daio Paper Company,Operational,Kani City,,,,,,,,,35.421108,137.022365,,Daio Paper Corporation,http://www.daio-paper.co.jp/en/company/base/index.html,,,,,,,,,,,,Japan,,WRI
1020084,Hachinohe Taiheiyo,Oil,,,,125.2,1971-2000,TAIHEIYO (PACIFIC) METALS,Operational,Hachinohe,,,,,,,,,40.535323,141.501887,,Pacific Metals,https://www.pacific-metals.co.jp/corporate/index.html,,,,,,,,,,,,Japan,,WRI
1020203,Kasadori,Wind,,Onshore Wind,,38,2010-2011,CHUBU ELECTRIC POWER CO INC,Operational,Kasadori City,,,,,,,,,34.70163,136.276201,,Chubu Electric Power Company,http://www.chuden.co.jp/english/corporate/ecor_releases/erel_pressreleases/__icsFiles/afieldfile/2009/10/15/1001newenergy.pdf,,,,,,,,,,,,Japan,,WRI
1020194,Mutsu-Ogawara,Wind,,Onshore Wind,,32,2003,ECOPOWER CO LTD,Operational,Mutsu City,,,,,,,,,41.007438,141.313544,,EcoPower,http://www.eco-power.co.jp/hatudensho_ichiran.html,,,,,,,,,,,,Japan,,WRI
1020201,Iwaya Ecopower,Wind,,Onshore Wind,,27,2002,ECOPOWER CO LTD,Operational,Iwaya City,,,,,,,,,36.137923,136.431318,,EcoPower,http://www.eco-power.co.jp/hatudensho_ichiran.html,,,,,,,,,,,,Japan,,WRI
1020211,Hirokawa-Hidakagawa,Wind,,Onshore Wind,,20,2014,ECOPOWER CO LTD,Operational,Hirokawa City,,,,,,,,,33.987444,135.430258,,EcoPower,http://www.eco-power.co.jp/hatudensho_ichiran.html,,,,,,,,,,,,Japan,,WRI
1020218,Ikata Wind,Wind,,Onshore Wind,,18,2010,ECOPOWER CO LTD,Operational,Ikata City,,,,,,,,,33.438898,132.232679,,EcoPower,http://www.eco-power.co.jp/hatudensho_ichiran.html,,,,,,,,,,,,Japan,,WRI
1020222,Aoyama Kogen,Wind,,Onshore Wind,,15,2003,CHUBU ELECTRIC POWER CO INC,Operational,Aoyama City,,,,,,,,,34.711417,136.292525,,NKK,http://www.jfe-holdings.co.jp/en/release/nkk/41-08/art04.html,,,,,,,,,,,,Japan,,WRI
1020076,Wakayama,Blast Furnace Gas,COG/OIL,CCGT,,147,2011,WAKAYAMA KYODO POWER CO INC,Operational,Wakayama-shi,,,,,,,,,34.239748,135.128003,,Wakayama Kyodo Power Company,http://www.wakyoka.co.jp/powerplant/index.html,,,,,,,,,,,,Japan,,WRI
1061346,Mizushima Energy Center,Coal,,Sub-critical Thermal,,112,2017,Mitsubishi Corporation,Operational,,,2017,,,,,,,34.5099171,133.7458,,Japan Coal Plant Tracker,http://sekitan.jp/plant-map/en/v2/table_en,,,,,,,,,"3-10 Ushio-dori, Kurashiki city, Okayama prefercture",,,Japan,,WRI
1061347,Osaki CoolGen project,Coal,,IGCC,,166,2017,Chugoku electric Power,Operational,,,2017,,,,,,,34.259139,132.57232,,Japan Coal Plant Tracker,http://sekitan.jp/plant-map/en/v2/table_en,,,,,,,,,"6208-1, Nakano, Kamishima-Ohsaki town, Hiroshima pref.",,,Japan,,WRI
1061348,Kansai Sendai,Coal,,Sub-critical Thermal,,112,2017,,Operational,,,2017,,,,,,,38.2681195,141.00919,,Japan Coal Plant Tracker,http://sekitan.jp/plant-map/en/v2/table_en,,,,,,,,,,,,Japan,,WRI
1020123,Onuma Plant,Geothermal,,Flash,,9.5,1973,HOKKAIDO ELECTRIC POWER CO INC,Operational,Hakodate,,,,,,,,,39.9813,140.7819,,Japanese Electric Power Information Center,https://www.jepic.or.jp/en/,,,,,,,,,,,,Japan,,GEODB
1000682,Mihama,Nuclear,,PWR,,826,,Kansai,,,,,,,,,,,35.7024,135.9634,,Japanese Electric Power Information Center,https://www.jepic.or.jp/en/,,,,,,,,,,,,Japan,,GEODB
1000685,Shimane,Nuclear,,PWR,,820,,Chugoku,,,,,,,,,,,35.53786,132.9991,,Japanese Electric Power Information Center,https://www.jepic.or.jp/en/,,,,,,,,,,,,Japan,,GEODB
1000684,Ohi,Nuclear,,PWR,,4710,,Kansai,,,,,,,,,,,35.54240034,135.654433,,Japanese Electric Power Information Center,https://www.jepic.or.jp/en/,,,,,,,,,,,,Japan,,GEODB
1000687,Genkai,Nuclear,,PWR,,3478,,Kyushu,,,,,,,,,,,33.5152,129.83596,,Japanese Electric Power Information Center,https://www.jepic.or.jp/en/,,,,,,,,,,,,Japan,,GEODB
1000683,Takahama,Nuclear,,PWR,,3392,,Kansai,,,,,,,,,,,35.52232957,135.5036497,,Japanese Electric Power Information Center,https://www.jepic.or.jp/en/,,,,,,,,,,,,Japan,,GEODB
1000674,Tomari,Nuclear,,PWR,,2000,,Hokkaido,,,,,,,,,,,43.03672412,140.5124903,,Japanese Electric Power Information Center,https://www.jepic.or.jp/en/,,,,,,,,,,,,Japan,,GEODB
1000688,Sendai,Nuclear,,PWR,,1780,,Kyushu,,,,,,,,,,,31.83352944,130.1887042,,Japanese Electric Power Information Center,https://www.jepic.or.jp/en/,,,,,,,,,,,,Japan,,GEODB
1000690,Tsuruga,Nuclear,,PWR,,1160,,Japan Atomic Power Co.,,,,,,,,,,,35.7519,136.0189,,Japanese Electric Power Information Center,https://www.jepic.or.jp/en/,,,,,,,,,,,,Japan,,GEODB
1020064,Shinchi,Bituminous Coal,OIL,Super-critical Thermal,,2000,1994-1995,SOMA KYODO POWER CO,Operational,Shinchi-machi,,,,,,,,,37.8427,140.9456,,Japanese Electric Power Information Center,https://www.jepic.or.jp/en/,,,,,,,,,,,,Japan,,GEODB
1020065,Shinko Kobe,Coal,,Super-critical Thermal,,1400,2002,KOBELCO POWER KOBE INC,Operational,Kobe-shi,,,,,,,,,34.7032,135.24,,Japanese Electric Power Information Center,https://www.jepic.or.jp/en/,,,,,,,,,,,,Japan,,GEODB
1020077,Sakata Kyodo,Bituminous Coal,OIL,Sub-critical Thermal,,700,1977,SAKATA KYODO ELECTRIC POWER CO,Operational,Sakata-shi,,,Once Through,Sea of Japan,,,,,38.9686,139.8322,,Tohoku Electric Power Company,http://www.tohoku-epco.co.jp/ir/report/annual_report/pdf/ar2015.pdf,,,,,,,,,,,,Japan,,GEODB
1020087,Yawata,Coal,,Sub-critical Thermal,,137,1999,NS ENERGY,Operational,Kitakyushu City,,,Once Through,Hibiki-nada Sea,,,,,33.876924,130.795229,,NIPPON STEEL & SUMITOMO METAL,http://www.nssmc.com/en/ir/library/pdf/nscguide2012_e_81.pdf,,,,,,,,,,,,Japan,,WRI
1020073,Kashima Kita,HFO,GAS,Sub-critical Thermal,,650,1981,KASHIMA-KITA ELEC POWER CORP,Operational,Kamisu-gun,,,,,,,,,35.90296,140.687776,,Mitsubishi,http://www.m-kagaku.co.jp/kashima/,,,,,,,,,,,,Japan,,WRI
