Power Plant ID,Name,Fuel,Secondary Fuel,Generator Technology,Units,Capacity (MW),Commissioning Date,Owner,Operational Status,Location,Annual Generation (GWh),Year of Data,Cooling Technology,Cooling Source,Fuel Consumption (g/kWh),CO2 Annual Reported,CO2 Specific Emissions (tCO2/MWh),Efficiency,Latitude,Longitude,Other,Source,URL,Source 2,URL 2,Peak Load (MW),Load Factor,Capacity Factor,Availability,Grid Connection (kV),Grid Balancing Area,Address,Municipality,Postal Code,Country,Natural Language,Geolocation Source
1019074,EC Gorzów,Natural Gas,Coal,,"138, 55, 32, 6, 5, 5",243,"1954-1967, 2017",Polska Grupa Energetyczna SA,Operational,,985.5,2017,,,,,,,52.7504,15.2712,Heat capacity: 98 MW,ENTSOE,https://transparency.entsoe.eu/generation/r2/installedCapacityPerProductionUnit/show,PGE,https://pgegiek.pl/Nasze-oddzialy/Elektrocieplownie/Elektrocieplownia-Gorzow,,,,,,,"Energetyków 6, 66-400 Gorzów Wielkopolski",Gorzów Wielkopolski,66-400,Poland,Polish,
1019083,FW EGL,Wind,,Onshore,,111,,,Operational,,,,,,,,,,,,,ENTSOE,https://transparency.entsoe.eu/generation/r2/installedCapacityPerProductionUnit/show,,,,,,,,,,,,Poland,,
1019082,EC International Paper Kwidzyn,Coal,,,,112,,International Paper,Operational,,467.639,2015,,,,,,,53.7002,18.9210,,ENTSOE,https://transparency.entsoe.eu/generation/r2/installedCapacityPerProductionUnit/show,International Paper,http://www.internationalpaper.com/pl/o-firmie/pa%C5%84stwa/europa-bliski-wsch%C3%B3d-i-afryka/o-nas/pionierski-inwestor-w-polsce/zak%C5%82ad-celulozowo-papierniczy-w-kwidzynie,,,,,,,"Lotnicza 1, 82-500 Kwidzyn",Kwidzyn,82-500,Poland,Polish,University of Dąbrowa Górnicza
1019075,EC Katowice,Coal,,,,135,1985-1991,TAURON Wytwarzanie S.A.,Operational,,,,,,,,,,50.2855,19.0532,Heat capacity: 294 MW,ENTSOE,https://transparency.entsoe.eu/generation/r2/installedCapacityPerProductionUnit/show,TAURON Wytwarzanie S.A.,http://www.tauron-cieplo.pl/O-Nas/obszary-wytwarzania/Strony/zw-katowice.aspx,,,,,,,"Siemianowicka 60, 40-301 Katowice",Katowice,40-301,Poland,Polish,University of Dąbrowa Górnicza
1019067,EC Zielona Góra,Natural Gas,,,,188,1974,Polska Grupa Energetyczna SA,Operational,,,,,,,,,,51.9514,15.4879,Heat capacity: 262 MW,ENTSOE,https://transparency.entsoe.eu/generation/r2/installedCapacityPerProductionUnit/show,PGE,https://pgeenergiaciepla.pl/node/149,,,,,,,"Zjednoczenia 103, 65-120 Zielona Góra",Zielona Góra,65-120,Poland,Polish,University of Dąbrowa Górnicza
1019070,Żydowo,Hydro Pumped Storage,,Pumped Storage,,157,1971,Energa wytwarzanie,Operational,,,,,,,,,,54.0251,16.7069,,ENTSOE,https://transparency.entsoe.eu/generation/r2/installedCapacityPerProductionUnit/show,Energa wytwarzanie,"http://www.energa-wytwarzanie.pl/obiekty/lista-obiektow/zydowo,51,obiekt.html",,,,,,,"plac Obrońców Żydowa 62-241, Żydowo",Polanów,62-241,Poland,Polish,University of Dąbrowa Górnicza
1019072,Włocławek,Hydro,,Run-of-River,,160,1969,Energa wytwarzanie,Operational,,169.744,2015,,,,,,,52.6555,19.1338,,ENTSOE,https://transparency.entsoe.eu/generation/r2/installedCapacityPerProductionUnit/show,Energa wytwarzanie,"http://www.energa-wytwarzanie.pl/obiekty/lista-obiektow/wloclawek,50,obiekt.html",,,,,,,"Płocka 171, 87-800 Włocławek",Włocławek,87-800,Poland,Polish,University of Dąbrowa Górnicza
1019048,Porąbka-Żar,Hydro,,Pumped Storage,,540,1979,Polska Grupa Energetyczna SA,Operational,,217.233,2015,,,,,,,49.7809,19.2115,,ENTSOE,https://transparency.entsoe.eu/generation/r2/installedCapacityPerProductionUnit/show,Polska Grupa Energetyczna SA,https://pgeeo.pl/Nasze-obiekty/Elektrownie-wodne/Zar,,,,,,,"Energetyków 9, 34-312 Międzybrodzie Bialskie",Czernichów,34-312,Poland,Polish,University of Dąbrowa Górnicza
1019055,EC Wrocław,Coal,,,,263,1967-1976,Polska Grupa Energetyczna SA,Operational,,635.129,2015,,,,,,,51.1234,17.0241,Heat capacity: 812 MW,ENTSOE,https://transparency.entsoe.eu/generation/r2/installedCapacityPerProductionUnit/show,ZEW Kogeneracja,http://www.kogeneracja.com.pl/pl/,,,,,,,"Łowiecka 24, 50-220 Wrocław",Wrocła,50-220,Poland,Polish,University of Dąbrowa Górnicza
1019051,EC Kraków 1,Coal,,,,446,1986,Polska Grupa Energetyczna SA,Operational,,1345.36,2015,,,,,,,50.0535,20.0061,Heat capacity: 780 MW,ENTSOE,https://transparency.entsoe.eu/generation/r2/installedCapacityPerProductionUnit/show,Polska Grupa Energetyczna SA,https://www.pgeenergiaciepla.pl/node/145,,,,,,,"Ciepłownicza 1, 31-587 Kraków",Kraków,31-587,Poland,Polish,University of Dąbrowa Górnicza
1019047,Adamów,Lignite Coal,,,5x120,600,"1960-1964, decommissioning data 01.01.2018",Zespół Elektrowni 'Pątnów - Adamów - Konin' SA,Decommissioned,,2962.939,2015,,,,,,,52.0122,18.5451,Stack: 1x150m,ENTSOE,https://transparency.entsoe.eu/generation/r2/installedCapacityPerProductionUnit/show,Zespół Elektrowni 'Pątnów - Adamów - Konin' SA,http://www.zepak.com.pl/pl/elektrownie/elektrownia-adamow.html,,,,,,,"Przemysłowa 1, 62-700 Turek",Turek,62-700,Poland,Polish,University of Dąbrowa Górnicza
1019086,EC Azoty Tarnów,Coal,,,,97,,Grupa Azoty,Operational,,,,,,,,,,50.0277,20.9082,Heat capacity: 558 MW,ENTSOE,https://transparency.entsoe.eu/generation/r2/installedCapacityPerProductionUnit/show,Grupa Azoty,http://grupaazoty.com/pl/oferta/tarnow/6/6.html,,,,,,,"Kwiatkowskiego 8, 33-101 Tarnów",Tarnów,33-101,Poland,Polish,University of Dąbrowa Górnicza
1019088,EC Zakłady Chemiczne Police,Coal,,,,100,,Grupa Azoty,Operational,,,,,,,,,,53.5743,14.5334,,ENTSOE,https://transparency.entsoe.eu/generation/r2/installedCapacityPerProductionUnit/show,Grupa Azoty,http://zchpolice.grupaazoty.com/,,,,,,,"Kuźnicka 1, 72-010 Police",Police,72-010,Poland,Polish,University of Dąbrowa Górnicza
1019089,EC Mondi Świecie,Coal,Biomass,,,123,"2003, 2007",Mondi Świecie S.A.,Operational,,,,,,,,,,53.3938,18.3751,,ENTSOE,https://transparency.entsoe.eu/generation/r2/installedCapacityPerProductionUnit/show,Mondi Świecie S.A.,https://www.mondigroup.com/en/about-mondi/where-we-operate/our-locations/europe/poland/mondi-%C5%9Bwiecie-sa/,,,,,,,"Bydgoska 1, 86-105 Świecie",Świecie,86-105,Poland,Polish,University of Dąbrowa Górnicza
1019092,EC Tychy,Coal,,,"1x65, 1x40",105,1963-1977,TAURON Wytwarzanie S.A.,Operational,,,,,,,,,,50.1059,19.0164,Heat capacity: 336 MW,ENTSOE,https://transparency.entsoe.eu/generation/r2/installedCapacityPerProductionUnit/show,TAURON Wytwarzanie S.A.,http://www.tauron-cieplo.pl/O-Nas/obszary-wytwarzania/Strony/zw-tychy.aspx,,,,,,,"Przemysłowa 47, 43-100 Tychy",Tychy,43-100,Poland,Polish,University of Dąbrowa Górnicza
1019052,CEZ Skawina,Coal,,,,330,1957-1961,CEZ Polska,Operational,,,,,,,,,,49.9767,19.8047,Heat capacity: 558 MW,ENTSOE,https://transparency.entsoe.eu/generation/r2/installedCapacityPerProductionUnit/show,CEZ Polska,http://www.cezpolska.pl/pl/cez-w-polsce/dla-dostavcow/zamowienia-publiczne/elektrownia-skawina-sa.html,,,,,,,"Józefa Piłsudskiego 10, 32-050 Skawina",Skawina,32-050,Poland,Polish,University of Dąbrowa Górnicza
1019065,Solina,Hydro,,Pumped Storage,,198,1968,PGE,Operational,,,,,,,,,,49.3959,22.4541,,ENTSOE,https://transparency.entsoe.eu/generation/r2/installedCapacityPerProductionUnit/show,PGE Energia Odnawialna,https://pgeeo.pl/Nasze-obiekty/Elektrownie-wodne/Solina,,,,,,,38-610 Solina,Solina,38-610,Poland,Polish,University of Dąbrowa Górnicza
1019053,EC Żerań,Coal,,,,386,1954-1956,PGNiG Termika SA,Operational,,,,,,,,,,52.2945,20.9942,"Heat capacity: 1580 MW, Stack: 200m",ENTSOE,https://transparency.entsoe.eu/generation/r2/installedCapacityPerProductionUnit/show,PGNiG Termika SA,http://www.termika.pgnig.pl/elektrocieplownia-zeran,,,,,,,"Modlińska 15, 03-126 Warszawa",Warszawa,03-126,Poland,Polish,University of Dąbrowa Górnicza
1019059,EC Chorzów Elcho,Coal,,,2x113,226,,CEZ Polska,Operational,,,,,,,,,,50.3079,18.9695,Heat capacity: 360 MW,ENTSOE,https://transparency.entsoe.eu/generation/r2/installedCapacityPerProductionUnit/show,CEZ Polska,http://www.cezpolska.pl/pl/cez-w-polsce/dla-dostavcow/zamowienia-publiczne/elektrocieplownia-chorzow-elcho-spzoo.html,,,,,,,"Marii Skłodowskiej-Curie 30, 41-503 Chorzów",Chorzów,41-503,Poland,Polish,University of Dąbrowa Górnicza
1019061,EC Łódź-3,Coal,,,,205,1968-1971,Veolia Energia Łódź,Operational,,,,,,,,,,51.7985,19.4216,"Heat capacity: 804 MW, Stack: 150m",ENTSOE,https://transparency.entsoe.eu/generation/r2/installedCapacityPerProductionUnit/show,Veolia Energia Łódź,http://www.energiadlalodzi.pl/,,,,,,,"Pojezierska 70, 91-342 Łódź",Łódź,91-342,Poland,Polish,University of Dąbrowa Górnicza
1019062,Połaniec Zielony Blok,Biomass,,,,205,2012,Enea Połaniec S.A.,Operational,,,,,,,,,,50.4374,21.3404,,ENTSOE,https://transparency.entsoe.eu/generation/r2/installedCapacityPerProductionUnit/show,Enea Połaniec S.A.,https://www.enea.pl/pl/enea-polaniec,,,,,,,"Zawada 26, 28-230 Połaniec",Połaniec,28-230,Poland,Polish,University of Dąbrowa Górnicza
1019064,EC Łódź-4,Coal,,,,198,1973-1977,Veolia Energia Łódź,Operational,,,,,,,,,,51.7462,19.5403,"Heat capacity: 820 MW, Stacks: 265m,200m",ENTSOE,https://transparency.entsoe.eu/generation/r2/installedCapacityPerProductionUnit/show,Veolia Energia Łódź,http://www.energiadlalodzi.pl/,,,,,,,"J. Andrzejewskiej 5, 92-550 Łódź",Łódź,92-550,Poland,Polish,University of Dąbrowa Górnicza
1019071,EC Białystok,Coal,Biomass,,"1x65, 2x55, 1x23",198,1991,ENEA Wytwarzanie S.A.,Operational,,,,,,,,,,53.1486,23.1689,Heat capacity: 557 MW,ENTSOE,https://transparency.entsoe.eu/generation/r2/installedCapacityPerProductionUnit/show,ENEA Wytwarzanie S.A.,https://www.enea.pl/pl/enea-wytwarzanie,,,,,,,"Generała Władysława Andersa 15, 15-124 Białystok",Białystok,15-124,Poland,Polish,University of Dąbrowa Górnicza
1019080,Farma Wiatrowa Margonin,Wind,,Onshore,,120,2010,,Operational,,,,,,,,,,52.9643,17.1572,,ENTSOE,https://transparency.entsoe.eu/generation/r2/installedCapacityPerProductionUnit/show,,"https://www.odnawialne-firmy.pl/wiadomosci/pokaz/70,najwieksze-elektrownie-wiatrowe-w-polsce",,,,,,,64-830 Margonin,Margonin,64-830,Poland,Polish,University of Dąbrowa Górnicza
1019068,EC Bydgoszcz II,Coal,,,"2x55, 50, 35, 32",227,,Polska Grupa Energetyczna SA,Operational,,,,,,,,,,53.0995,18.0879,Heat capacity: 664 MW,ENTSOE,https://transparency.entsoe.eu/generation/r2/installedCapacityPerProductionUnit/show,PGE,https://pgegiek.pl/Nasze-oddzialy/Elektrocieplownie/Zespol-Elektrocieplowni-Bydgoszcz,,,,,,,"Energetyczna 1, 85-950 Bydgoszcz",Bydgoszcz,85-950,Poland,Polish,University of Dąbrowa Górnicza
1019069,Blachownia,Natural Gas,,,,158,1957-1968,TAURON Wytwarzanie S.A.,Operational,,,,,,,,,,50.3562,18.2907,,ENTSOE,https://transparency.entsoe.eu/generation/r2/installedCapacityPerProductionUnit/show,TAURON Wytwarzanie S.A.,http://www.tauron-wytwarzanie.pl/oddzialy/Strony/oddzial-blachownia.aspx,,,,,,,"Energetyków 11, 47-225 Kędzierzyn-Koźle",Kędzierzyn-Koźle,47-225,Poland,Polish,University of Dąbrowa Górnicza
1019076,Pomorzany,Coal,,,,134,1961,Polska Grupa Energetyczna SA,Operational,,,,,,,,,,53.3907,14.5253,Heat capacity: 324 MW,ENTSOE,https://transparency.entsoe.eu/generation/r2/installedCapacityPerProductionUnit/show,PGE,https://pgegiek.pl/Nasze-oddzialy/Elektrownie/Zespol-Elektrowni-Dolna-Odra,,,,,,,"Szczawiowa 25/26, 70-010 Szczecin",Szczecin,70-010,Poland,Polish,University of Dąbrowa Górnicza
1019077,EC Nowa Sarzyna,Natural Gas,,,,116,2000,POLENERGIA,Operational,,,,,,,,,,50.3172,22.3237,Heat capacity: 70 MW,ENTSOE,https://transparency.entsoe.eu/generation/r2/installedCapacityPerProductionUnit/show,POLENERGIA,http://www.ens.pl/,,,,,,,"ks. Popiełuszki 2, 37-310 Nowa Sarzyna",Nowa Sarzyna,37-310,Poland,Polish,University of Dąbrowa Górnicza
1019078,Konin,Lignite Coal,Biomass,,"178, 1x55 biomass",233,"1958-1964, 2012",Zespół Elektrowni 'Pątnów - Adamów - Konin' SA,Operational,,,,,,,,,,52.2837,18.2695,,ENTSOE,https://transparency.entsoe.eu/generation/r2/installedCapacityPerProductionUnit/show,Zespół Elektrowni 'Pątnów - Adamów - Konin' SA,http://www.zepak.com.pl/pl/elektrownie/elektrownia-patnow-konin/elektrownia-konin.html,,,,,,,"Przemysłowa 158, 62-510 Konin",Konin,62-510,Poland,Polish,University of Dąbrowa Górnicza
1019079,EC Nowa,Coal,,,5x30,150,2001,ArcelorMittal,Operational,,,,,,,,,,50.3478,19.2771,,ENTSOE,https://transparency.entsoe.eu/generation/r2/installedCapacityPerProductionUnit/show,ArcelorMittal,https://poland.arcelormittal.com/,,,,,,,"Józefa Piłsudskiego 92, 41-308 Dąbrowa Górnicza",Dąbrowa Górnicza,41-308,Poland,Polish,University of Dąbrowa Górnicza
1019081,Puławy,Coal,,,,112,,Grupa Azoty Puławy,Operational,,,,,,,,,,51.4574,21.9744,,ENTSOE,https://transparency.entsoe.eu/generation/r2/installedCapacityPerProductionUnit/show,Grupa Azoty Puławy,http://www.elektrowniapulawy.pl/,,,,,,,"Komunalna 24, 24-100 Puławy",Puławy,24-100,Poland,Polish,University of Dąbrowa Górnicza
1019084,Poznań Karolin EC-II,Coal,Biomass,,,276,1985,Veolia Energia Poznań SA,Operational,,,,,,,,,,52.4361,16.9873,"Heat capacity: 843 MW, Stack: 200m",ENTSOE,https://transparency.entsoe.eu/generation/r2/installedCapacityPerProductionUnit/show,Veolia Energia Poznań SA,http://www.energiadlapoznania.pl/,,,,,,,"Energetyczna 3, 61-016 Poznań",Poznań,61-016,Poland,Polish,University of Dąbrowa Górnicza
1019087,EC Rzeszów,Natural Gas,,,"101, 4x7",129,"1976-1983, 2003",Polska Grupa Energetyczna SA,Operational,,636.982,2015,,,,,,,50.0646,22.0294,"Heat capacity: 472 MW, Stack: 203m",ENTSOE,https://transparency.entsoe.eu/generation/r2/installedCapacityPerProductionUnit/show,PGE,https://pgegiek.pl/Nasze-oddzialy/Elektrocieplownie/Elektrocieplownia-Rzeszow,,,,,,,"Ciepłownicza 8, 35-959 Rzeszów",Rzeszów,35-959,Poland,Polish,University of Dąbrowa Górnicza
1019090,EC Czechnica,Coal,,,,110,1981,ZEW Kogeneracja,Operational,,,,,,,,,,51.0381,17.1498,Heat capacity: 247 MW,ENTSOE,https://transparency.entsoe.eu/generation/r2/installedCapacityPerProductionUnit/show,ZEW Kogeneracja,http://www.kogeneracja.com.pl/pl/o-grupie/o-spolce/,,,,,,,"Fabryczna 22, 55-011 Siechnice",Siechnice,55-011,Poland,Polish,University of Dąbrowa Górnicza
1019043,Żarnowiec,Hydro,,Pumped Storage,4x179,716,1983,PGE,Operational,,341.332,2015,,,,,,,54.7224,18.0825,,ENTSOE,https://transparency.entsoe.eu/generation/r2/installedCapacityPerProductionUnit/show,PGE Energia Odnawialna,https://pgeeo.pl/Nasze-obiekty/Elektrownie-wodne/Zarnowiec,,,,,,,84-250 Czymanowo,Gniewno,84-250,Poland,Polish,University of Dąbrowa Górnicza
1019063,FW Darłowo (Cisowo),Wind,,Onshore,9x2,18,2001,,Operational,,345.118,2015,,,,,,,54.4504,16.4224,,ENTSOE,https://transparency.entsoe.eu/generation/r2/installedCapacityPerProductionUnit/show,,,,,,,,,Cisowo,Darłowo,76-150,Poland,Polish,University of Dąbrowa Górnicza
1019085,Gdynia,Coal,,,,105,1974,Polska Grupa Energetyczna SA,Operational,,446.513,2015,,,,,,,54.5535,18.4803,Heat capacity: 470 MW,ENTSOE,https://transparency.entsoe.eu/generation/r2/installedCapacityPerProductionUnit/show,Polska Grupa Energetyczna SA,https://www.pgeenergiaciepla.pl/,,,,,,,"Pucka 118, 81-036 Gdynia",Gdynia,81-036,Poland,Polish,University of Dąbrowa Górnicza
1019054,EC PKN Orlen,Oil,,,345 till 2018,600,2018,PKN Orlen,Operational,,569.113,2015,,,,,,,52.5843,19.6879,Heat capacity: 2153 MW,ENTSOE,https://transparency.entsoe.eu/generation/r2/installedCapacityPerProductionUnit/show,PKN Orlen,https://www.orlen.pl/PL/Strony/default.aspx,,,,,,,"Chemików 7, 09-411 Płock",Płock,09-411,Poland,Polish,University of Dąbrowa Górnicza
1019056,Stalowa Wola,Coal,,,"2x120, 2x55",350,1963-1966,TAURON Wytwarzanie S.A.,Operational,,694.666,2015,,,,,,,50.5538,22.0787,Heat capacity: 341 MW,ENTSOE,https://transparency.entsoe.eu/generation/r2/installedCapacityPerProductionUnit/show,TAURON Wytwarzanie S.A.,http://www.tauron-wytwarzanie.pl/oddzialy/stalowa-wola/Strony/informacje.aspx,,,,,,,"Energetyków 13, 37-450 Stalowa Wola",Stalowa Wola,37-450,Poland,Polish,University of Dąbrowa Górnicza
1019066,Jaworzno II,Coal,,,,189,1953-1962,TAURON Wytwarzanie S.A.,Operational,,839.264,2015,,,,,,,50.2132,19.2273,Heat capacity: 321 MW,ENTSOE,https://transparency.entsoe.eu/generation/r2/installedCapacityPerProductionUnit/show,TAURON Wytwarzanie S.A.,http://www.tauron-wytwarzanie.pl/oddzialy/jaworznoiii/Strony/informacje.aspx,,,,,,,Energetyków 15 43-603 Jaworzno,Jaworzno,43-603,Poland,Polish,University of Dąbrowa Górnicza
1019058,EC Lublin Wrotków,Natural Gas,,,,231,2002,Polska Grupa Energetyczna SA,Operational,,1341.61,2015,,,,,,,51.2161,22.5583,Heat capacity: 627 MW,ENTSOE,https://transparency.entsoe.eu/generation/r2/installedCapacityPerProductionUnit/show,Polska Grupa Energetyczna SA,https://eclublin.pgegiek.pl/,,,,,,,"Inżynierska 4, 20-001 Lublin",Lublin,20-001,Poland,Polish,University of Dąbrowa Górnicza
1019060,EC Gdańsk,Coal,,,,217,1970,Polska Grupa Energetyczna SA,Operational,,1437.017,2015,,,,,,,54.3784,18.6404,Heat capacity: 736 MW,ENTSOE,https://transparency.entsoe.eu/generation/r2/installedCapacityPerProductionUnit/show,Polska Grupa Energetyczna SA,https://www.pgeenergiaciepla.pl/,,,,,,,"Wiślna 6, 80-001 Gdańsk",Gdańsk,80-001,Poland,Polish,University of Dąbrowa Górnicza
1019050,Pątnów II,Lignite Coal,,,1x464,464,2008,Zespół Elektrowni 'Pątnów - Adamów - Konin' SA,Operational,,1555.056,2015,Once through,,,,,,52.3014,18.2369,,ENTSOE,https://transparency.entsoe.eu/generation/r2/installedCapacityPerProductionUnit/show,Zespół Elektrowni 'Pątnów - Adamów - Konin' SA,http://www.zepak.com.pl/pl/elektrownie/elektrownia-patnow-ii.html,,,,,,,"Kazimierska 45, 62-510 Konin",Konin,62-510,Poland,Polish,University of Dąbrowa Górnicza
1019044,Siersza,Coal,,,"2x153, 2x120",546,1962-1970,TAURON Wytwarzanie S.A.,Operational,,1789.665,2015,,,,,,,50.2083,19.4617,Heat capacity: 37 MW,ENTSOE,https://transparency.entsoe.eu/generation/r2/installedCapacityPerProductionUnit/show,TAURON Wytwarzanie S.A.,http://www.tauron-wytwarzanie.pl/oddzialy/siersza/Strony/informacje.aspx,,,,,,,"Kopalniana 2, 32-541 Trzebinia",Trzebinia,32-541,Poland,Polish,University of Dąbrowa Górnicza
1019046,EC Siekierki,Coal,,,,620,1961,PGNiG TERMIKA,Operational,,1843.555,2015,,,,,,,52.1901,21.0873,"Heat capacity: 2078 MW, Stacks: 3x200, 170m",ENTSOE,https://transparency.entsoe.eu/generation/r2/installedCapacityPerProductionUnit/show,PGNiG TERMIKA,http://www.termika.pgnig.pl/ecsiekierki,,,,,,,"Augustówka 30, 02-981 Warszawa",Warszawa,02-981,Poland,Polish,University of Dąbrowa Górnicza
1019049,EC Włocławek,Natural Gas,,,,453,2017,PKN Orlen,Operational,,2206.758,2015,,,,,,,52.7074,18.9589,,ENTSOE,https://transparency.entsoe.eu/generation/r2/installedCapacityPerProductionUnit/show,PKN Orlen,https://www.orlen.pl/PL/DlaBiznesu/EnergiaElektrycznaICieplna/Strony/default.aspx,,,,,,,"Toruńska 222, 87-805 Włocławek",Włocławek,87-805,Poland,Polish,University of Dąbrowa Górnicza
1019045,Ostrołęka B,Coal,Biomass,,"2x230, 1x221",681,1972,ENERGA,Operational,,2642.265,2015,,,,,,,53.1039,21.6118,,ENTSOE,https://transparency.entsoe.eu/generation/r2/installedCapacityPerProductionUnit/show,ENERGA,http://www.energaostroleka.energa-wytwarzanie.pl/,,,,,,,"Elektryczna 5, 07-401 Ostrołęka",Ostrołęka,07-401,Poland,Polish,University of Dąbrowa Górnicza
1019041,Łaziska,Coal,Biomass,,"1x230, 3x225, 2x125",1155,,TAURON Wytwarzanie S.A.,Operational,,4014.783,2015,,,,,,,50.1331,18.8465,Heat capacity: 196 MW,ENTSOE,https://transparency.entsoe.eu/generation/r2/installedCapacityPerProductionUnit/show,TAURON Wytwarzanie S.A.,http://www.tauron-wytwarzanie.pl/oddzialy/laziska/Strony/informacje.aspx,,,,,,,"Wyzwolenia 30, 43-170 Łaziska Górne",Łaziska Górne,43-170,Poland,Polish,University of Dąbrowa Górnicza
1019042,Łagisza,Coal,,,"1x460, 2x120",700,"1960, 2009",TAURON Wytwarzanie S.A.,Operational,,3224.719,2015,,,,,,,50.3499,19.1412,Heat capacity: 279 MW,ENTSOE,https://transparency.entsoe.eu/generation/r2/installedCapacityPerProductionUnit/show,TAURON Wytwarzanie S.A.,http://www.tauron-wytwarzanie.pl/oddzialy/lagisza/Strony/informacje.aspx,,,,,,,"Pokoju 14, 42-504 Będzin",Będzin,42-504,Poland,Polish,University of Dąbrowa Górnicza
1019039,Pątnów I,Lignite Coal,,,"4x200, 2x222",1244,1967,Zespół Elektrowni 'Pątnów - Adamów - Konin' SA,Operational,,4115.897,2015,,,,,,,52.3013,18.2344,,ENTSOE,https://transparency.entsoe.eu/generation/r2/installedCapacityPerProductionUnit/show,Zespół Elektrowni 'Pątnów - Adamów - Konin' SA,http://www.zepak.com.pl/pl/elektrownie/elektrownia-patnow-konin/elektrownia-patnow-i.html,,,,,,,"Kazimierska 45, 62-510 Konin",Konin,62-510,Poland,Polish,University of Dąbrowa Górnicza
1019038,Jaworzno III,Coal,,,"6x224, 910 (from 2019)",1345,1977-1979,TAURON Wytwarzanie S.A.,Operational,,4396.408,2015,,,,,,,50.2064,19.2046,"Heat capacity: 51 MW, Stack: 306m",ENTSOE,https://transparency.entsoe.eu/generation/r2/installedCapacityPerProductionUnit/show,TAURON Wytwarzanie S.A.,http://www.tauron-wytwarzanie.pl/oddzialy/jaworznoiii/Strony/informacje.aspx,,,,,,,"Promienna 51, 43-603 Jaworzno",Jaworzno,43-603,Poland,Polish,University of Dąbrowa Górnicza
1019040,Kozienice II,Coal,,,,1075,2017,Enea Wytwarzanie,Operational,,4765.033,2015,,,,,,,51.6668,21.4614,,ENTSOE,https://transparency.entsoe.eu/generation/r2/installedCapacityPerProductionUnit/show,Enea Wytwarzanie,https://www.enea.pl/pl/enea-wytwarzanie,,,,,,,"Al. Józefa Zielińskiego 1, 26-900 Świerże Górne",Kozienice,26-900,Poland,Polish,University of Dąbrowa Górnicza
1019037,Dolna Odra,Coal,Biomass,Sub-critical Thermal,"3x222, 3x232",1362,1974-1977,Polska Grupa Energetyczna SA,Operational,,4921,2015,,,,,,,53.2067,14.4651,"Heat capacity: 100 MW, Stack: 250m",ENTSOE,https://transparency.entsoe.eu/generation/r2/installedCapacityPerProductionUnit/show,PGE,https://zedolnaodra.pgegiek.pl/,,,,,,,"Nowe Czarnowo 76, 74-105 Nowe Czarnowo",Gryfino,74-105,Poland,Polish,University of Dąbrowa Górnicza
1019035,Opole,Coal,,Sub-critical Thermal,"1x370, 2x373, 1x376",1492,1993-1997,Polska Grupa Energetyczna SA,Operational,,6330,2015,Recirculating Cooling,,,,,,50.7514,17.8845,Wet Flue Gas Desulphurisation Plant,ENTSOE,https://transparency.entsoe.eu/generation/r2/installedCapacityPerProductionUnit/show,PGE,https://pgegiek.pl/Nasze-oddzialy/Elektrownie/Elektrownia-Opole,,,,,,,"Dobrzeń Mały, 46-021 Brzezie",Dobrzeń Wielki,46-021,Poland,Polish,University of Dąbrowa Górnicza
1019033,Rybnik,Coal,,,8x225,1775,1972-1978,Polska Grupa Energetyczna SA,Operational,,7095.093,2015,,,,,,,50.1331,18.5232,"Stacks: 300m, 260m",ENTSOE,https://transparency.entsoe.eu/generation/r2/installedCapacityPerProductionUnit/show,PGE,http://www.elektrowniarybnik.com.pl/,,,,,,,"Podmiejska 1, 44-207 Rybnik",Rybnik,44-207,Poland,Polish,University of Dąbrowa Górnicza
1019036,Turów,Lignite Coal,Biomass,Sub-critical Thermal,"3x235, 3x260",1498,1962-1971,Polska Grupa Energetyczna SA,Operational,,7354,2015,,,,,,,50.9482,14.9128,Stacks: 2x150m,ENTSOE,https://transparency.entsoe.eu/generation/r2/installedCapacityPerProductionUnit/show,PGE,https://pgegiek.pl/Nasze-oddzialy/Elektrownie/Elektrownia-Turow,,,,,,,"Młodych Energetyków 12, 59-916 Bogatynia",Bogatynia,59-916,Poland,Polish,University of Dąbrowa Górnicza
1019034,Połaniec,Coal,,,"6x200, 2x215",1623,1979-1983,Enea Połaniec S.A.,Operational,,7609.248,2015,,,,,,,50.4365,21.3377,,ENTSOE,https://transparency.entsoe.eu/generation/r2/installedCapacityPerProductionUnit/show,Enea Połaniec S.A.,https://www.enea.pl/pl/enea-polaniec,,,,,,,"Zawada 26, 28-230 Połaniec",Połaniec,28-230,Poland,Polish,University of Dąbrowa Górnicza
1019032,Kozienice,Coal,,,"8x200, 2x500",2673,1972-1979,Enea Wytwarzanie,Operational,,7670.324,2015,,,,,,,51.6658,21.4647,Heat capacity: 266 MW,ENTSOE,https://transparency.entsoe.eu/generation/r2/installedCapacityPerProductionUnit/show,Enea Wytwarzanie,https://www.enea.pl/pl/enea-wytwarzanie,,,,,,,"Al. Józefa Zielińskiego 1, 26-900 Świerże Górne",Kozienice,26-900,Poland,Polish,University of Dąbrowa Górnicza
1023817,Bełchatów,Lignite Coal,,Sub-Critical and Super-Critical,"12x380, 1x858",5472,"1981-1988, 2011",Polska Grupa Energetyczna SA,Operational,,32157,2015,,,,,,,51.2679,19.3265,"Heat capacity: 376 MW, Stacks: 2x300m",ENTSOE,https://transparency.entsoe.eu/generation/r2/installedCapacityPerProductionUnit/show,PGE,https://elbelchatow.pgegiek.pl/,,,,,,,"Rogowiec, ul. Energetyczna 7, 97-406 Bełchatów 5",Kleszczów,97-406,Poland,Polish,University of Dąbrowa Górnicza
1061492,Szczecin,Coal,Biomass,,,88,"1934, 2012",Polska Grupa Energetyczna SA,Operational,,,,,,,,,,53.4116,14.5858,Heat capacity: 220 MW,PGE,https://pgegiek.pl/Nasze-oddzialy/Elektrownie/Zespol-Elektrowni-Dolna-Odra,,,,,,,,,"Gdańska 34a, 70-661 Szczecin",Szczecin,70-661,Poland,Polish,University of Dąbrowa Górnicza
1061493,EC Bydgoszcz I,Coal,,,,14,1929,Polska Grupa Energetyczna SA,Operational,,,,,,,,,,53.1355,17.9836,Heat capacity: 185 MW,PGE,https://pgegiek.pl/Nasze-oddzialy/Elektrocieplownie/Zespol-Elektrocieplowni-Bydgoszcz,,,,,,,,,"Żeglarska 4, 85-519 Bydgoszcz",Bydgoszcz,85-519,Poland,Polish,University of Dąbrowa Górnicza
1061494,EC WSK Rzeszów,Coal,,,,12,,WSK Rzeszów,Operational,,,,,,,,,,50.0146,21.9813,Heat capacity:  171 MW,WSK Rzeszów,http://www.zmwskrz.com/,,,,,,,,,"Hetmańska 120, 35-001 Rzeszów",Rzeszów,35-001,Poland,Polish,University of Dąbrowa Górnicza
1061495,EC Kielce,Biomass,,,,10,2008,Polska Grupa Energetyczna SA,Operational,,,,,,,,,,50.8959,20.6118,Heat capacity: 286 MW,PGE,https://eckielce.pgegiek.pl/,,,,,,,,,"Hubalczyków 30, 25-001 Kielce",Kielce,25-001,Poland,Polish,University of Dąbrowa Górnicza
1061496,EC Zgierz,Lignite Coal,Biomass,,,39,1948,Polska Grupa Energetyczna SA,Operational,,121.6,2015,,,,,,,51.8413,19.3939,Heat capacity: 180 MW,PGE,https://eczgierz.pgegiek.pl/,,,,,,,,,"Energetyków 9, 95-100 Zgierz",Zgierz,95-100,Poland,Polish,University of Dąbrowa Górnicza
1061497,EC Toruń,Natural Gas,,,,106,"1985, 2017",Polska Grupa Energetyczna SA,Operational,,,,,,,,,,53.0475,18.6932,Heat capacity: 358 MW,Polska Grupa Energetyczna SA,https://pgeenergiaciepla.pl/node/150,,,,,,,,,"Ceramiczna 6, 87-100 Toruń",Toruń,87-100,Poland,Polish,University of Dąbrowa Górnicza
1061498,EC Łódź-2,Coal,,,,87,"1955-1960, decommissed in 2015",Veolia Energia Łódź,Decommisioned,,,,,,,,,,51.7419,19.4496,Heat capacity: 578 MW,Veolia Energia Łódź,http://www.energiadlalodzi.pl/,,,,,,,,,"Wróblewskiego 26, 90-001 Łódź",Łódź,90-001,Poland,Polish,University of Dąbrowa Górnicza
1061499,EC Siedlce,Natural Gas,,,,51,2002,PEC Siedlce,Operational,,,,,,,,,,52.1572,22.3061,Heat capacity: 213 MW,PEC Siedlce,http://www.pec-siedlce.com.pl/,,,,,,,,,"Stefana Starzyńskiego 11, 08-110 Siedlce",Siedlce,08-110,Poland,Polish,University of Dąbrowa Górnicza
1061500,EC Pruszków,Coal,,,,9,1957,PGNiG TERMIKA,Operational,,,,,,,,,,52.1707,20.8006,Heat capacity: 186 MW,PGNiG TERMIKA,http://www.termika.pgnig.pl/elektrocieplownia-pruszkow,,,,,,,,,"Waryńskiego 1, 05-800 Pruszków",Pruszków,05-800,Poland,Polish,University of Dąbrowa Górnicza
1061501,EC Zduńska Wola,Coal,,,,12,1992,SFW Energia Sp. z o.o.,Operational,,,,,,,,,,51.5999,18.9675,Heat capacitu: 103 MW,SFW Energia Sp. z o.o.,http://www.ec-zdwola.pl/,,,,,,,,,"Murarska 21, 98-220 Zduńska Wola",Zduńska Wola,98-220,Poland,Polish,University of Dąbrowa Górnicza
1061502,EC GIGA,Coal,,,,6,1950,Veolia Wschód,Operational,,,,,,,,,,51.2258,22.7079,Heat capacity: 103 MW,Veolia Wschód,http://www.veoliaterm.pl/o-nas/veolia-wschod,,,,,,,,,"Żwirki i Wigury 1, 21-045 Świdnik",Świdnik,21-045,Poland,,University of Dąbrowa Górnicza
1061503,EC Mielec,Coal,,,,33,1962,SFW Energia Sp. z o.o.,Operational,,,,,,,,,,50.3046,21.4644,Heat capacity: 160 MW,SFW Energia,http://www.sfwenergia.pl/,EC,http://ec.mielec.pl/,,,,,,,"Wojska Polskiego 3, 39-300 Mielec",Mielec,39-300,Poland,Polish,University of Dąbrowa Górnicza
1061504,EC Starachowice,Coal,,,,36,,ZEC Starachowice,Operational,,,,,,,,,,51.0299,21.0799,Heat capacity: 34 MW,ZEC Starachowice,https://www.zecstar.pl/,,,,,,,,,"Na Szlakowisku 8, 27-200 Starachowice",Starachowice,27-200,Poland,Polish,University of Dąbrowa Górnicza
1061505,EC Janikosoda,Coal,,,,56,,CIECH Soda Polska,Operational,,,,,,,,,,52.7664,18.1098,Heat capacity: 265 MW,CIECH Soda Polska,https://ciechgroup.com/grupa-ciech/spolki-grupy-ciech/ciech-soda-polska/,,,,,,,,,"Przemysłowa 30, 88-160 Janikowo",Janikowo,88-160,Poland,,University of Dąbrowa Górnicza
1061506,EC Soda Mątwy,Coal,,,,36,,CIECH Soda Polska,Operational,,,,,,,,,,52.7671,18.2409,Heat capacity: 373 MW,CIECH Soda Polska,https://ciechgroup.com/grupa-ciech/spolki-grupy-ciech/ciech-soda-polska/,ZEC Inowrocław,http://www.zec.inowroclaw.pl/,,,,,,,"Fabryczna 4, 88-101 Inowrocław",Inowrocław,88-101,Poland,Polish,University of Dąbrowa Górnicza
1061507,EC Grudziądz,Coal,Biomass,,,18,,OPEC,Operational,,,,,,,,,,53.4792,18.7719,Heat capacity: 166 MW,OPEC-INEKO,http://ineko.opec.grudziadz.pl/Opec-Ineko.aspx,,,,,,,,,"Budowlanych 7, 86-300 Grudziądz",Grudziądz,86-300,Poland,Polish,University of Dąbrowa Górnicza
1061508,EC Władysławowo,Natural gas,,,,11,2002,Energobaltic,Operational,,,,,,,,,,54.7921,18.4228,Heat capacity: 18 MW,Energobaltic,https://www.energobaltic.com.pl/,,,,,,,,,"Starowiejska 41, 84-120 Władysławowo",Władysławowo,84-120,Poland,Polish,University of Dąbrowa Górnicza
1061509,EC Elbląg,Coal,,,,42,1928,Energa Kogeneracja,Operational,,,,,,,,,,54.1805,19.3855,Heat capacity: 242 MW,Energa Kogeneracja,http://www.energa-kogeneracja.pl/s24-elektrocieplownia_elblag,,,,,,,,,"Elektryczna 20A, 82-300 Elbląg",Elbląg,82-300,Poland,Polish,University of Dąbrowa Górnicza
1061510,EC Kalisz-Piwonice,Coal,,,,8,1932,Energa Kogeneracja,Operational,,,,,,,,,,51.7297,18.1062,Heat capacity: 83 MW,Energa Kogeneracja,http://www.energa-kogeneracja.pl/s57-elektrocieplownia_kalisz,,,,,,,,," Torowa 115, 62-800 Kalisz",Kalisz,62-800,Poland,Polish,University of Dąbrowa Górnicza
1061511,EC Andrychów,Coal,,,,12,1950,EC Andrychów SA,Operational,,,,,,,,,,49.8524,19.3369,Heat capacity: 12 MW,EC Andrychów,http://www.ecandrychow.pl/,,,,,,,,,"Krakowska 83, 34-120 Andrychów",Andrychów,34-120,Poland,Polish,University of Dąbrowa Górnicza
1061512,EC Oświęcim,Coal,,,,79,,Synthos Dwory 7,Operational,,,,,,,,,,50.0395,19.2735,Heat capacity: 120 MW,Synthos Dwory 7,https://www.synthosgroup.com/en/synthos-group/group/synthos-dwory-7/,,,,,,,,,"Chemików 1, 32-600 Oświęcim",Oświęcim,32-600,Poland,Polish,University of Dąbrowa Górnicza
1061513,EC Będzin,Coal,,,,82,,Mitteldeutsche Energie AG,Operational,,,,,,,,,,50.3019,19.1384,Heat capacity: 521 MW,EC Będzin,http://www.ecbedzin.pl/,,,,,,,,,"Małobądzka 141, 42-500 Będzin",Będzin,42-500,Poland,Polish,University of Dąbrowa Górnicza
1061514,EC Bielsko-Biała 1,Natural gas,Coal,,,77,1973,PKE S.A.,Operational,,,,,,,,,,49.8123,19.0538,Heat capacity: 275 MW,Tauron Ciepło,http://www.tauron-cieplo.pl/O-Nas/obszary-wytwarzania/Strony/zw-bielsko-biala.aspx,,,,,,,,,"Tuwima 2, 43-300 Bielsko-Biała ",Bielsko-Biała,43-300,Poland,Polish,University of Dąbrowa Górnicza
1061516,EC Dębieńsko-Megawat,Natural gas,Biomass,,,16,,SWF Energia,Operational,,,,,,,,,,50.1576,18.6505,Heat capacity: 120 MW,Przdsiębiorstwo Energetyczne Megawat S.A.,http://www.sfwenergia.com.pl/en/przedsibiorstwo-energetyczne-megawat-sp-z-oo.html,,,,,,,,,"Młyńska 21a, 44-230 Czerwionka-Leszczyny",Czerwionka-Leszczyny,44-230,Poland,Polish,University of Dąbrowa Górnicza
1061517,ZPC Żory,Coal,,,,5,,SWF Energia,Operational,,,,,,,,,,50.0411,18.6298,Heat capacity: 40 MW,ZPC Żory,http://www.sfwenergia.com.pl/en/zakad-produkcji-ciepa-ory-sp-z-oo.html,,,,,,,,,"Węglowa 11, 44-245 Żory",Żory,44-245,Poland,Polish,University of Dąbrowa Górnicza
1061518,EC Gorlice,Coal,,,,5,,SWF Energia,Operational,,,,,,,,,,49.6769,21.1821,Heat capacity: 41 MW,EC Gorlice,http://www.sfwenergia.com.pl/en/elektrociepownia-gorlice-sp-z-oo.html,,,,,,,,,"Fryderyka Chopina 33, 38-320 Gorlice",Gorlice,38-320,Poland,Polish,University of Dąbrowa Górnicza
1061519,EC Fortum,Coal,Biomass,,,68,2010,Fortum,Operational,,,,,,,,,,50.8273,19.1247,Heat capacity: 129 MW,Fortum,https://www.fortum.com/about-us/our-company/our-energy-production/our-power-plants/czestochowa-chp-plant,,,,,,,,,"Brzeźnicka 32, 42-202 Częstochowa",Częstochowa,42-202,Poland,Polish,University of Dąbrowa Górnicza
1061520,EC Knurów,Coal,,,,8,,Megawat,Operational,,,,,,,,,,50.2153,18.6785,Heat capacity: 15 MW,Przedsiębiorstwo Energetyczne Megawat,http://www.sfwenergia.com.pl/przedsiebiorstwo-energetyczne-megawat-spzoo.html,,,,,,,,,"Kopalniana 1, 44-190 Knurów",Knurów,44-190,Poland,Polish,University of Dąbrowa Górnicza
1061521,EC Marcel,Coal,,,,37,1908,EC Marcel S.A.,Operational,,,,,,,,,,50.0433,18.4842,Heat capacity: 38 MW,EC Marcel,http://www.ecmarcel.pl/,,,,,,,,,"Hutnicza 1, 44-310 Radlin",Radlin,44-310,Poland,Polish,University of Dąbrowa Górnicza
1061522,EC Miechowice,Coal,,,,125,1954,Zespół Elektrociepłowni Bytom,Operational,,,,,,,,,,50.3488,18.8419,Heat capacity: 321 MW,ZEC Bytom,http://bytomski.pl/forum-mobile/kamienice-bloki-i-inne-budynki/124990-elektrocieplownia-miechowice,,,,,,,,,"Energetyki 11, 41-800 Bytom",Bytom,41-800,Poland,Polish,University of Dąbrowa Górnicza
1061523,EC Szombierki,Coal,,,,9,1920,Zespół Elektrociepłowni Bytom,Operational,,,,,,,,,,50.3454,18.8864,Heat capacity: 158 MW,ZEC Bytom,http://ecgenerator.pl/index.php/ec-szombierki/,,,,,,,,,"Kosynierów 30, 41-900 Bytom",Bytom,41-900,Poland,Polish,University of Dąbrowa Górnicza
1061524,EC Moszczenica,Coal,Coal mine methane,,,38,1966,PGNiG Termika,Operational,,,,,,,,,,49.9415,18.5702,Heat capacity: 156 MW,PGNiG Termika,https://www.ptep.pl/o-firmie/zaklady/oddzial-moszczenica/,,,,,,,,,"Energetyków 5, 44-338 Jastrzębie-Zdrój",Jastrzębie-Zdrój,44-338,Poland,Polish,University of Dąbrowa Górnicza
1061525,EC Zofiówka,Coal,Coal mine methane,,,64,1973,PGNiG Termika,Operational,,,,,,,,,,49.9642,18.6266,Heat capacity: 234 MW,PGNiG Termika,https://www.ptep.pl/o-firmie/zaklady/oddzial-zofiowka/,,,,,,,,,"Rybnicka 6c, 44-335 Jastrzębie-Zdrój",Jastrzębie-Zdrój,44-335,Poland,Polish,University of Dąbrowa Górnicza
1061526,EC Suszec,Coal mine methane,Coal,,,11,,PGNiG Termika,Operational,,,,,,,,,,50.0468,18.7609,Heat capacity: 39 MW,PGNiG Termika,https://www.ptep.pl/o-firmie/zaklady/oddzial-suszec/,,,,,,,,,"Piaskowa 35, 43-267 Suszec",Suszec,43-267,Poland,Polish,University of Dąbrowa Górnicza
1061527,EC Pniówek,Coal mine methane,Coal,,,14,,PGNiG Termika,Operational,,,,,,,,,,49.9672,18.6943,Heat capacity: 72 MW,PGNiG Termika,https://www.ptep.pl/o-firmie/zaklady/oddzial-pniowek/,,,,,,,,,"Krucza 18, 43-251 Pawłowice",Pawłowice,43-251,Poland,Polish,University of Dąbrowa Górnicza
1061528,EC Zabrze,Coal,,,,106,1897,Fortum,Operational,,,,,,,,,,50.2956,18.8099,Heat capacity: 475 MW,Fortum,http://www.eczabrze.fortum.pl/,,,,,,,,,"Wolności 416, 41-800 Zabrze",Zabrze,41-800,Poland,Polish,University of Dąbrowa Górnicza
1061529,Halemba,Coal,,,,200,"1962, decommissioning 2014",,Decomissioned,,,,,,,,,,50.2341,18.8474,,Net TG Poland,http://nettg.pl/news/104969/ruda-slaska-halemba-jest-wystawiona-na-sprzedaz,,,,,,,,,"ks. Piotra Skargi 67, 41-706 Ruda Śląska",Ruda Śląska,41-706,Poland,,University of Dąbrowa Górnicza
1061530,EC Opolszczyzna - ECO,Coal,Biomass,,,10,,Energetyka Cieplna Opolszczyzny,Operational,,,,,,,,,,50.6872,17.9201,Heat capacity: 28 MW,Energetyka Cieplna Opolszczyzny,http://www.ecosa.pl/en/,,,,,,,,,"Harcerska 15, 45-118 Opole",Opole,45-118,Poland,Polish,University of Dąbrowa Górnicza
1061531,Ostrołęka A,Coal,,,,75,,ENERGA,Operational,,,,,,,,,,53.1019,21.6053,Heat capacity: 236 MW,ENERGA,http://www.energaostroleka.energa-wytwarzanie.pl/,,,,,,,,,"Elektryczna 5, 07-401 Ostrołęka",Ostrołęka,07-401,Poland,Polish,University of Dąbrowa Górnicza
1061532,Dębe,Hydro,,,4x5,21,1963,PGE,Operational,,,,,,,,,,52.4882,20.9237,,PGE Energia Odnawialna,https://pgeeo.pl/Nasze-obiekty/Elektrownie-wodne/Debe,,,,,,,,,05-140 Dębe,Serock,05-140,Poland,Polish,University of Dąbrowa Górnicza
1061533,Dobrzeń,Hydro,,,,2,2008,PGE,Operational,,,,,,,,,,50.7558,17.8332,,PGE Energia Odnawialna,https://pgeeo.pl/Nasze-obiekty/Elektrownie-wodne/Dobrzen,,,,,,,,,46-081 Dobrzeń Wielki,Dobrzeń Wielki,46-081,Poland,Polish,University of Dąbrowa Górnicza
1061534,Dychów,Hydro,,Pumped Storage,,88,1936,PGE,Operational,,,,,,,,,,51.9886,15.0541,,PGE Energia Odnawialna,https://pgeeo.pl/Nasze-obiekty/Elektrownie-wodne/Dychow,,,,,,,,,"Dychów 6a, 66-627 Bobrowice",Bobrowice,66-627,Poland,Polish,University of Dąbrowa Górnicza
1061535,Gorzupia II,Hydro,,,,2,1998,PGE,Operational,,,,,,,,,,51.7360,15.2584,,PGE Energia Odnawialna,https://pgeeo.pl/Nasze-obiekty/Elektrownie-wodne/Gorzupia-II,,,,,,,,,"Gorzupia Dolna 37, 68-111 Gorzupia Dolna",Żagań,68-111,Poland,Polish,University of Dąbrowa Górnicza
1061536,Grajówka,Hydro,,,,3,1922,PGE,Operational,,,,,,,,,,51.6725,15.2919,,PGE Energia Odnawialna,https://pgeeo.pl/Nasze-obiekty/Elektrownie-wodne/Grajowka,,,,,,,,,"Gryżyce 4, 68-111 Gryżyce",Żagań,68-111,Poland,Polish,University of Dąbrowa Górnicza
1061537,Gubin,Hydro,,,,1,1905,PGE,Operational,,,,,,,,,,51.9518,14.7215,,PGE Energia Odnawialna,https://pgeeo.pl/Nasze-obiekty/Elektrownie-wodne/Gubin,,,,,,,,,"Chopina 1A, 66-620 Gubin",Gubin,66-620,Poland,Polish,University of Dąbrowa Górnicza
1061538,Januszkowice,Hydro,,,,2,2003,PGE,Operational,,,,,,,,,,50.3905,18.1133,,PGE Energia Odnawialna,https://pgeeo.pl/Nasze-obiekty/Elektrownie-wodne/Januszkowice,,,,,,,,,47-330 Januszkowice,Zdzieszowice,47-330,Poland,Polish,University of Dąbrowa Górnicza
1061539,Krapkowice,Hydro,,,,2,2007,PGE,Operational,,,,,,,,,,50.4712,17.9809,,PGE Energia Odnawialna,https://pgeeo.pl/Nasze-obiekty/Elektrownie-wodne/Krapkowice,,,,,,,,,"Młyńska 1, 47-300 Krapkowice",Krapkowice,47-300,Poland,Polish,University of Dąbrowa Górnicza
1061540,Krępna,Hydro,,,,2,2004,PGE,Operational,,,,,,,,,,50.4483,17.9577,,PGE Energia Odnawialna,https://pgeeo.pl/Nasze-obiekty/Elektrownie-wodne/Krepna,,,,,,,,,47-330 Krępna,Zdzieszowice,47-330,Poland,Polish,University of Dąbrowa Górnicza
1061541,Myczkowice,Hydro,,,,8,1961,PGE,Operational,,,,,,,,,,49.4320,22.4014,,PGE Energia Odnawialna,https://pgeeo.pl/Nasze-obiekty/Elektrownie-wodne/Myczkowce,,,,,,,,,Myczkowice 38-610 Solina,Solina,38-610,Poland,Polish,University of Dąbrowa Górnicza
1061542,Oława,Hydro,,,,4,,PGE,Operational,,,,,,,,,,50.9374,17.3401,,PGE Energia Odnawialna,https://pgeeo.pl/Nasze-obiekty/Elektrownie-wodne/Olawa,,,,,,,,,"Zwierzyniec Duży 7A, 55-200 Oława",Oława,55-200,Poland,Polish,University of Dąbrowa Górnicza
1061543,Porąbka,Hydro,,,,13,1953,PGE,Operational,,,,,,,,,,49.8069,19.2023,,PGE Energia Odnawialna,https://pgeeo.pl/Nasze-obiekty/Elektrownie-wodne/Porabka,,,,,,,,,"Energetyków 9, 34-312 Międzybrodzie Bialskie",Czernichów,34-312,Poland,Polish,University of Dąbrowa Górnicza
1061544,Raduszec Stary,Hydro,,,,3,1935,PGE,Operational,,,,,,,,,,52.0293,15.0719,,PGE Energia Odnawialna,https://pgeeo.pl/Nasze-obiekty/Elektrownie-wodne/Raduszec-Stary,,,,,,,,,66-600 Krosno Odrzańskie,Krosno Odrzańskie,66-600,Poland,Polish,University of Dąbrowa Górnicza
1061545,Rakowice,Hydro,,,,2,2005,PGE,Operational,,,,,,,,,,51.1294,15.5766,,PGE Energia Odnawialna,https://pgeeo.pl/Nasze-obiekty/Elektrownie-wodne/Rakowice,,,,,,,,,59-600 Rakowice Wielkie,Lwowek Śląski,59-600,Poland,Polish,University of Dąbrowa Górnicza
1061546,Smardzewice,Hydro,,,,4,1973,PGE,Operational,,,,,,,,,,51.4739,20.0061,,PGE Energia Odnawialna,https://pgeeo.pl/Nasze-obiekty/Elektrownie-wodne/Smardzewice,,,,,,,,,97-213 Smardzewice,Tomaszów Mazowiecki,97-213,Poland,Polish,University of Dąbrowa Górnicza
1061547,Tresna,Hydro,,,,21,1966,PGE,Operational,,,,,,,,,,49.7479,19.2063,,PGE Energia Odnawialna,https://pgeeo.pl/Nasze-obiekty/Elektrownie-wodne/Tresna,,,,,,,,,"Energetyków 9, 34-312 Międzybrodzie Bialskie",Czernichów,34-312,Poland,Polish,University of Dąbrowa Górnicza
1061548,Zielisko,Hydro,,,,2,1933,PGE,Operational,,,,,,,,,,51.6218,14.7640,,PGE Energia Odnawialna,https://pgeeo.pl/Nasze-obiekty/Elektrownie-wodne/Zielisko,,,,,,,,,"11, Siedlecka 68-212, 08-103 Nowe Iganie",Siedlce,08-103,Poland,Polish,University of Dąbrowa Górnicza
1061549,Żagań II,Hydro,,,,2,1963,PGE,Operational,,,,,,,,,,51.6154,15.3168,,PGE Energia Odnawialna,https://pgeeo.pl/Nasze-obiekty/Elektrownie-wodne/Zagan-II,,,,,,,,,"Żelazna 1, 68-100 Żagań",Żagań,68-100,Poland,Polish,University of Dąbrowa Górnicza
1061550,FW Galicja,Wind,,,,12,2009,PGE,Operational,,,,,,,,,,49.8502,22.7843,,PGE Energia Odnawialna,https://pgeeo.pl/Nasze-obiekty/Elektrownie-wiatrowe/Galicja,,,,,,,,,,,,Poland,Polish,University of Dąbrowa Górnicza
1061551,PW Kamieńsk,Wind,,,,31,2007,PGE,Operational,,,,,,,,,,51.2160,19.4270,,PGE Energia Odnawialna,https://pgeeo.pl/Nasze-obiekty/Elektrownie-wiatrowe/Kamiensk,,,,,,,,,,,,Poland,Polish,University of Dąbrowa Górnicza
1061552,EW Karnice I,Wind,,,,30,2009,PGE,Operational,,,,,,,,,,54.0446,15.0802,,PGE Energia Odnawialna,https://pgeeo.pl/Nasze-obiekty/Elektrownie-wiatrowe/Karnice-I,,,,,,,,,,,,Poland,Polish,University of Dąbrowa Górnicza
1061553,EW Karwice,Wind,,,,40,2015,PGE,Operational,,,,,,,,,,54.3081,16.5663,,PGE Energia Odnawialna,https://pgeeo.pl/Nasze-obiekty/Elektrownie-wiatrowe/Karwice,,,,,,,,,,,,Poland,Polish,University of Dąbrowa Górnicza
1061554,EW Kisielice,Wind,,,,41,2006,PGE,Operational,,,,,,,,,,53.6005,19.2690,,PGE Energia Odnawialna,https://pgeeo.pl/Nasze-obiekty/Elektrownie-wiatrowe/Kisielice,,,,,,,,,,,,Poland,Polish,University of Dąbrowa Górnicza
1061555,EW Kisielice II,Wind,,,,12,2016,PGE,Operational,,,,,,,,,,53.6268,18.9334,,PGE Energia Odnawialna,https://pgeeo.pl/Nasze-obiekty/Elektrownie-wiatrowe/Kisielice-II,,,,,,,,,,,,Poland,Polish,University of Dąbrowa Górnicza
1061556,EW Lake Ostrowo,Wind,,,30x3,34,2007,PGE,Operational,,,,,,,,,,53.8333,14.6673,,PGE Energia Odnawialna,https://pgeeo.pl/Nasze-obiekty/Elektrownie-wiatrowe/Lake-Ostrowo,,,,,,,,,,,,Poland,Polish,University of Dąbrowa Górnicza
1061557,EW Lotnisko,Wind,,,,95,2015,PGE,Operational,,,,,,,,,,54.6701,17.7386,,PGE Energia Odnawialna,https://pgeeo.pl/Nasze-obiekty/Elektrownie-wiatrowe/Lotnisko,,,,,,,,,,,,Poland,Polish,University of Dąbrowa Górnicza
1061558,EW Malbork-Koniecwald,Wind,,,,18,2007,PGE,Operational,,,,,,,,,,53.9716,19.0379,,PGE Energia Odnawialna,https://pgeeo.pl/Nasze-obiekty/Elektrownie-wiatrowe/Malbork-Koniecwald,,,,,,,,,,Sztum,,Poland,Polish,University of Dąbrowa Górnicza
1061559,EW Pelplin,Wind,,,,49,2012,PGE,Operational,,,,,,,,,,53.9085,18.7299,,PGE Energia Odnawialna,https://pgeeo.pl/Nasze-obiekty/Elektrownie-wiatrowe/Pelplin,,,,,,,,,,Pelplin,83-130,Poland,Polish,University of Dąbrowa Górnicza
1061560,EW Resko I,Wind,,,,14,2013,PGE,Operational,,,,,,,,,,53.7471,15.4277,,PGE Energia Odnawialna,https://pgeeo.pl/Nasze-obiekty/Elektrownie-wiatrowe/Resko-I,,,,,,,,,,Resko,72-315,Poland,Polish,University of Dąbrowa Górnicza
1061561,EW Resko II,Wind,,,,76,2015,PGE,Operational,,,,,,,,,,53.7087,15.7489,,PGE Energia Odnawialna,https://pgeeo.pl/Nasze-obiekty/Elektrownie-wiatrowe/Resko-II,,,,,,,,,,Brzeżno,,Poland,Polish,University of Dąbrowa Górnicza
1061562,EW Wojciechowo,Wind,,,,28,2014,PGE,Operational,,,,,,,,,,54.6804,17.7598,,PGE Energia Odnawialna,https://pgeeo.pl/Nasze-obiekty/Elektrownie-wiatrowe/Wojciechowo,,,,,,,,,,Wisko,,Poland,Polish,University of Dąbrowa Górnicza
1061563,EW Żuromin,Wind,,,,61,2012,PGE,Operational,,,,,,,,,,53.0474,19.9015,,PGE Energia Odnawialna,https://pgeeo.pl/Nasze-obiekty/Elektrownie-wiatrowe/Zuromin,,,,,,,,,,Kuczbork-Osada,,Poland,Polish,University of Dąbrowa Górnicza
1061564,FF Czernikowo,Photovoltaic,,,,4,2015,Energa Wytwarzanie,Operational,,,,,,,,,,52.9366,18.9595,,Energa Wytwarzanie,"http://www.energa-wytwarzanie.pl/obiekty/lista-obiektow/czernikowo,56,obiekt.html",,,,,,,,,Wygoda,Czernikowo,87-640,Poland,Polish,University of Dąbrowa Górnicza
1061565,FF Ostrzeszów,Photovoltaic,,,,2,2015,Biogazownia Ostrzeszów,Operational,,,,,,,,,,51.4147,17.9359,,Biogazownia Ostrzeszów,http://fotowoltaika-ostrzeszow.pl/,,,,,,,,,"Św. Wojciecha 1, Rojów, 63-500 Ostrzechów",Ostrzeszów,63-500,Poland,Polish,University of Dąbrowa Górnicza
1061566,FF Cieszanów,Photovoltaic,,,,2,2015,Horyzonty,Operational,,,,,,,,,,50.2408,23.1267,,Cieszanów,http://www.cieszanow.org/436-elektrownia-fotowoltaiczna-w-cieszanowie.html,,,,,,,,,37-611 Cieszanów,Cieszanów,37-611,Poland,Polish,University of Dąbrowa Górnicza
1061567,FF Delta (Przejazdowo/Gdańsk),Photovoltaic,,,,2,2014,Energa Wytwarzanie,Operational,,,,,,,,,,54.3363,18.7532,,Energa Wytwarzanie,"http://www.energa-wytwarzanie.pl/obiekty/lista-obiektow/farma-fotowoltaiczna-delta,6,obiekt.html",,,,,,,,,Przejazdowo,Gdańsk,80-008,Poland,Polish,University of Dąbrowa Górnicza
1061568,FF Kolno,Photovoltaic,,,,2,2015,R.Power,Operational,,,,,,,,,,53.3908,21.9149,,R.Power,https://rpower.pl/pl/podlasie-solar-park,,,,,,,,,18-500 Kolno,Kolno,18-500,Poland,Polish,University of Dąbrowa Górnicza
1061569,FF Gubin,Photovoltaic,,,,2,2014,PEG,Operational,,,,,,,,,,51.9201,14.7294,,PEG,http://www.peg.com.pl/misja,,,,,,,,,66-620 Gubin,Gubin,66-620,Poland,Polish,University of Dąbrowa Górnicza
1061570,FF Zagroby-Zakrzewo,Photovoltaic,,,,1,2018,R.Power,Operational,,,,,,,,,,53.0044,22.1448,,R.Power,https://rpower.pl/pl/podlasie-solar-park,,,,,,,,,18-300 Zagroby-Zakrzewo,Zambrów,18-300,Poland,Polish,University of Dąbrowa Górnicza
1061571,FF Bordziłówka,Photovoltaic,,,,1,2014,R.Power,Operational,,,,,,,,,,51.8469,23.1633,,Inwestycje Energetyczne,http://inwestycjeenergetyczne.itc.pw.edu.pl/inwestycja/farma-fotowoltaiczna-bordzilowka/,,,,,,,,,21-533 Bordziłówka,Rossosz,31-533,Poland,Polish,University of Dąbrowa Górnicza
1061572,FF Wierzchosławice,Photovoltaic,,,,1,2011,Energia Wierzchosławice,Operational,,,,,,,,,,50.0422,20.8531,,Inwestycje Energetyczne,http://inwestycjeenergetyczne.itc.pw.edu.pl/inwestycja/farma-fotowoltaiczna-wierzchoslawice/,,,,,,,,,33-122 Wierzchosławice,Wierzchosławice,33-122,Poland,Polish,University of Dąbrowa Górnicza
1061573,Bielkowo,Hydro,,,,7,1923,Energa Wytwarzanie,Operational,,,,,,,,,,54.2695,18.5100,,Energa Wytwarzanie,"http://www.energa-wytwarzanie.pl/obiekty/lista-obiektow/bielkowo,32,obiekt.html",,,,,,,,,83-050 Bielkowo,,83-050,Poland,Polish,University of Dąbrowa Górnicza
1061574,Brąswałd,Hydro,,,,2,2003,Energa Wytwarzanie,Operational,,,,,,,,,,53.8400,20.4041,,Energa Wytwarzanie,"http://www.energa-wytwarzanie.pl/obiekty/lista-obiektow/braswald,41,obiekt.html",,,,,,,,,Brąswałd,Dywity,11-001,Poland,Polish,University of Dąbrowa Górnicza
1061575,Gałążnia Mała,Hydro,,,,4,1914,Energa Wytwarzanie,Operational,,,,,,,,,,54.2850,17.3132,,Energa Wytwarzanie,"http://www.energa-wytwarzanie.pl/obiekty/lista-obiektow/galaznia-mala,9,obiekt.html",,,,,,,,,,Kolczygłowy,,Poland,Polish,University of Dąbrowa Górnicza
1061576,Łapino,Hydro,,,,7,1925,Energa Wytwarzanie,Operational,,,,,,,,,,54.2847,18.4482,,Energa Wytwarzanie,"http://www.energa-wytwarzanie.pl/obiekty/lista-obiektow/lapino,33,obiekt.html",,,,,,,,,"Sienkiewicza 7, 83-050 Łapino",Kolbudy,83-050,Poland,Polish,University of Dąbrowa Górnicza
1061577,Pierzchły,Hydro,,,,3,1914,Energa Wytwarzanie,Operational,,,,,,,,,,54.3007,19.8490,,Energa Wytwarzanie,"http://www.energa-wytwarzanie.pl/obiekty/lista-obiektow/pierzchaly,19,obiekt.html",,,,,,,,,Pierzchały 14-526,Płoskinia,14-526,Poland,Polish,University of Dąbrowa Górnicza
1061578,Straszyn,Hydro,,,,4,1932,Energa Wytwarzanie,Operational,,,,,,,,,,54.2742,18.5633,,Energa Wytwarzanie,"http://www.energa-wytwarzanie.pl/obiekty/lista-obiektow/straszyn,29,obiekt.html",,,,,,,,,"Hoffmana 5, Straszyn",Przyszcz Gdański,83-010,Poland,Polish,University of Dąbrowa Górnicza
1061579,Strzegomino,Hydro,,,,3,1924,Energa Wytwarzanie,Operational,,,,,,,,,,54.3202,17.2311,,Energa Wytwarzanie,"http://www.energa-wytwarzanie.pl/obiekty/lista-obiektow/strzegomino,10,obiekt.html",,,,,,,,,Strzegomino 76-248,Dębica Kaszubska,76-248,Poland,Polish,University of Dąbrowa Górnicza
1061580,FW Bystra,Wind,,,,24,2010,Energa Wytwarzanie,Operational,,,,,,,,,,54.2970,18.7436,,Energa Wytwarzanie,"http://www.energa-wytwarzanie.pl/obiekty/lista-obiektow/fw-bystra,5,obiekt.html",,,,,,,,,Bystra 83-021,Pruszcz Gdański,83-021,Poland,Polish,University of Dąbrowa Górnicza
1061581,FW Karcino,Wind,,,,51,2009,Energa Wytwarzanie,Operational,,,,,,,,,,54.1108,15.4125,,Energa Wytwarzanie,"http://www.energa-wytwarzanie.pl/obiekty/lista-obiektow/fw-karcino,3,obiekt.html",,,,,,,,,Karcino 78-133,Kołobrzeg,78-133,Poland,Polish,University of Dąbrowa Górnicza
1061582,FW Karścino,Wind,,,,90,2009,Energa Wytwarzanie,Operational,,,,,,,,,,54.0361,15.8040,,Energa Wytwarzanie,"http://www.energa-wytwarzanie.pl/obiekty/lista-obiektow/fw-karscino,4,obiekt.html",,,,,,,,,Karlino 78-230,Karlino,78-230,Poland,Polish,University of Dąbrowa Górnicza
1061583,FW Myślino,Wind,,,,20,2014,Energa Wytwarzanie,Operational,,,,,,,,,,54.0409,15.6972,,Energa Wytwarzanie,"http://www.energa-wytwarzanie.pl/obiekty/lista-obiektow/fw-myslino,2,obiekt.html",,,,,,,,,Myślino 78-120,Gościno,78-120,Poland,Polish,University of Dąbrowa Górnicza
1061584,FW Parsówek,Wind,,,,26,,Energa Wytwarzanie,Operational,,,,,,,,,,53.2275,14.6866,,Energa Wytwarzanie,"http://www.energa-wytwarzanie.pl/obiekty/lista-obiektow/parsowek,61,obiekt.html",,,,,,,,,Parsówek 74-202,Gryfino,74-202,Poland,Polish,University of Dąbrowa Górnicza
1061585,FW Zagórze,Wind,,,15x2,30,2003,Tauron Ekoenergia,Operational,,,,,,,,,,53.8014,14.6282,,Energa Wytwarzanie,http://www.elektrownie-wiatrowe.org.pl/zagorze/,,,,,,,,,Zagórze 72-510,Wolin,72-510,Poland,Polish,University of Dąbrowa Górnicza
1061586,FW Tymień,Wind,,,25x2,50,2006,Invenergy,Operational,,,,,,,,,,54.1975,15.8315,,Invenergy,https://invenergyllc.com/,,,,,,,,,Tymień 76-035,Będzino,76-035,Poland,Polish,University of Dąbrowa Górnicza
1061587,FW Puck (Gnieżdżewo),Wind,,,11x2,22,2007,Polenergia,Operational,,,,,,,,,,54.7464,18.3546,,Polenergia,http://polenergia.pl/pol/pl/strona/farma-wiatrowa-puck,,,,,,,,,Gnieżdżewo 84-100,Puck,84-100,Poland,Polish,University of Dąbrowa Górnicza
1061588,FW Łukaszów,Wind,,,17x2,34,2012,Polenergia,Operational,,,,,,,,,,51.1809,15.9079,,Polenergia,http://polenergia.pl/pol/pl/page/farmy-wiatrowe-wlasne,,,,,,,,,Łukaszów 59-516,Zagrodno,59-516,Poland,Polish,University of Dąbrowa Górnicza
1061589,FW Modlikowice,Wind,,,12x2,24,2012,Polenergia,Operational,,,,,,,,,,51.2166,15.8825,,Polenergia,http://polenergia.pl/pol/pl/page/farmy-wiatrowe-wlasne,,,,,,,,,Modlikowice 59-516,Zagrodno,59-516,Poland,Polish,University of Dąbrowa Górnicza
1061590,FW Zajączkowo,Wind,,,24x2,48,2008,Windpol,Operational,,,,,,,,,,54.4134,16.9627,,Windpol,https://www.skyscrapercity.com/showthread.php?t=520137,,,,,,,,,Zajączkowo 76-200,,76-200,Poland,Polish,University of Dąbrowa Górnicza
1061591,FW Widzino,Wind,,,21x2,42,2012,Windpol,Operational,,,,,,,,,,54.4155,16.9655,,Windpol,https://www.skyscrapercity.com/showthread.php?t=520137,,,,,,,,,Widzino 76-200,Kobylnica,76-200,Poland,Polish,University of Dąbrowa Górnicza
1061592,FW Śniatowo,Wind,,,16x2,32,2008,Vortex Energy,Operational,,,,,,,,,,53.8789,14.8585,,Vortex Energy,https://vortex-energy-group.com/pl/portfolio-galleries/park-wiatrowy-sniatowo/,,,,,,,,,Śniatowo 72-400,Kamień Pomorski,72-400,Poland,Polish,University of Dąbrowa Górnicza
1061593,FW Inowrocław,Wind,,,16x2,32,2008,Vortex Energy,Operational,,,,,,,,,,52.7692,18.2206,,Vortex Energy,https://vortex-energy-group.com/pl/portfolio-galleries/park-wiatrowy-w-inowroclawiu/,,,,,,,,,Inowrocław,Inowrocław,88-100,Poland,Polish,University of Dąbrowa Górnicza
1061594,FW Jóźwin,Wind,,,"8x2.85, 1x2.53",25,2015,Vortex Energy,Operational,,,,,,,,,,52.3548,18.2203,,Vortex Energy,https://vortex-energy-group.com/pl/portfolio-galleries/park-wiatrowy-jozwin/,,,,,,,,,Jóźwin,Kleczew,62-540,Poland,Polish,University of Dąbrowa Górnicza
1061595,FW Radziejów,Wind,,,21x2,42,2015,Vortex Energy,Operational,,,,,,,,,,52.6349,18.4769,,Vortex Energy,https://vortex-energy-group.com/pl/portfolio-galleries/park-wiatrowy-radziejowie/,,,,,,,,,Radziejów 88-200,Radziejów,88-200,Poland,Polish,University of Dąbrowa Górnicza
1061596,FW Mogilno I-VI,Wind,,,17x2,34,2011,Vortex Energy,Operational,,,,,,,,,,52.8157,18.1439,,Vortex Energy,https://vortex-energy-group.com/pl/portfolio-galleries/park-wiatrowy-w-mogilnie-i-v/,,,,,,,,,,Mogilno,88-300,Poland,Polish,University of Dąbrowa Górnicza
1061597,FW Suwałki,Wind,,,,41,2009,RWE Polska,Operational,,,,,,,,,,54.1549,22.8746,,RWE Polska,https://pl.wikipedia.org/wiki/Energetyka_wiatrowa_w_Polsce,,,,,,,,,16-402 Suwałki,Suwałki,16-402,Poland,Polish,University of Dąbrowa Górnicza
1061598,FW Tychowo-Noskowo,Wind,,,,50,2009,RWE Polska,Operational,,,,,,,,,,54.3781,16.7961,,Polenergia,http://polenergia.pl/pol/pl/strona/farma-wiatrowa-tychowo,,,,,,,,,78-220 Tychowo,Tychowo,78-220,Poland,Polish,University of Dąbrowa Górnicza
1061599,FW Korsze,Wind,,,35x2,70,2011,RWE Polska,Operational,,,,,,,,,,54.1514,21.1800,,RWE Polska,,,,,,,,,,11-430 Korsze,Korsze,11-430,Poland,Polish,University of Dąbrowa Górnicza
1061600,FW Lipniki,Wind,,,15x2,30,2011,Tauron Ekoenergia,Operational,,,,,,,,,,50.5355,17.1067,,Tauron Ekoenergia,http://www.tauron-ekoenergia.pl/Strony/start.aspx,,,,,,,,,48-388 Lipniki,Kamiennik,48-388,Poland,Polish,University of Dąbrowa Górnicza
1061601,FW Taciewo,Wind,,,15x2,30,2012,RWE Polska,Operational,,,,,,,,,,54.1503,22.7749,,RWE Polska,,,,,,,,,,16-402 Taciewo,Suwałki,16-402,Poland,Polish,University of Dąbrowa Górnicza
1061602,FW Pągów,Wind,,,17x3,51,2012,ENGIE,Operational,,,,,,,,,,51.1400,17.6246,,ENGIE,https://www.engie-zielonaenergia.pl/,,,,,,,,,46-113 Pągów,Wilków,46-113,Poland,Polish,University of Dąbrowa Górnicza
1061603,FW Dąbrowice,Wind,,,13x2.75,36,2015,ENGIE,Operational,,,,,,,,,,52.3094,19.0603,,ENGIE,https://www.engie-zielonaenergia.pl/,,,,,,,,,99-352 Dąbrowice,Dąbrowice,99-352,Poland,Polish,University of Dąbrowa Górnicza
1061604,FW Wartkowo,Wind,,,15x2,30,2012,ENGIE,Operational,,,,,,,,,,54.0100,15.6851,,ENGIE,https://www.engie-zielonaenergia.pl/,,,,,,,,,78-121 Wartkowo,Gościno,78-121,Poland,Polish,University of Dąbrowa Górnicza
1061605,FW Jarogniew-Mołtowo,Wind,,,10x2,20,2010,ENGIE,Operational,,,,,,,,,,54.0614,15.6981,,ENGIE,https://www.engie-zielonaenergia.pl/,,,,,,,,,78-120 Jarogniew,Gościno,78-120,Poland,Polish,University of Dąbrowa Górnicza
1061606,FW Krobia,Wind,,,11x3,33,2012,ACCIONA Energy,Operational,,,,,,,,,,51.7158,16.9196,,ACCIONA Energy,https://www.acciona-energia.com/areas-of-activity/wind-power/major-projects/krobia-i-poniec-ii-wind-farms/,,,,,,,,,63-840 Krobia,Krobia,63-840,Poland,Polish,University of Dąbrowa Górnicza
1061607,FW Poniec II,Wind,,,10x3,30,2012,ACCIONA Energy,Operational,,,,,,,,,,51.8430,16.7103,,ACCIONA Energy,https://www.acciona-energia.com/areas-of-activity/wind-power/major-projects/krobia-i-poniec-ii-wind-farms/,,,,,,,,,64-125 Poniec,Poniec,64-125,Poland,Polish,University of Dąbrowa Górnicza
1061608,FW Golice,Wind,,,19x2,38,2011,ACCIONA Energy,Operational,,,,,,,,,,52.4295,14.6829,,ACCIONA Energy,https://www.acciona-energia.com/pressroom/news/2011/december/acciona-puts-its-first-wind-park-in-poland-into-service-after-investing-57-million-euros/,,,,,,,,,69-100 Golice,Słubice,69-100,Poland,Polish,University of Dąbrowa Górnicza
1061609,FW Taczalin,Wind,,,22x2.05,45,2013,WSB Neue Energien,Operational,,,,,,,,,,51.1570,16.2812,,WSB Neue Energien,"https://dolny-slask.org.pl/4777375,Taczalin,Park_wiatrowy_Taczalin.html",,,,,,,,,59-241 Legnickie Pole,Legnickie Pole,59-241,Poland,Polish,University of Dąbrowa Górnicza
1061610,FW Iłża,Wind,,,27x2,54,2014,EDP Renewables Polska,Operational,,,,,,,,,,51.1680,21.1990,,EDPR,https://www.reo.pl/viatron-zakonczyl-instalacje-25-turbin-na-fw-ilza-dla-edpr/,,,,,,,,,27-100 Iłża,Iłża,27-100,Poland,,University of Dąbrowa Górnicza
1061611,FW Gawłowice,Wind,,,,48,2014,Polenergia,Operational,,,,,,,,,,53.3484,18.8815,,Polenergia,http://www.polenergia.pl/pol/pl/strona/farma-wiatrowa-gawlowice,,,,,,,,,87-220 Gawłowice,Radzyń Chełmiński,87-220,Poland,Polish,University of Dąbrowa Górnicza
1061612,FW Rajgród,Wind,,,,25,2014,Polenergia,Operational,,,,,,,,,,53.7006,22.5730,,Polenergia,http://www.polenergia.pl/pol/pl/strona/farma-wiatrowa-rajgrod,,,,,,,,,19-206 Rajgród,Grajew,19-206,Poland,Polish,University of Dąbrowa Górnicza
1061613,FW Skurpie,Wind,,,,44,2015,Polenergia,Operational,,,,,,,,,,53.2787,20.1046,,Polenergia,http://www.polenergia.pl/pol/pl/strona/farma-wiatrowa-skurpie,,,,,,,,,13-206 Skurpie,Płośnica,13-206,Poland,Polish,University of Dąbrowa Górnicza
1061614,FW Mycielin,Wind,,,23x2,46,2016,Polenergia,Operational,,,,,,,,,,51.6216,15.6822,,Polenergia,http://www.polenergia.pl/pol/pl/strona/%5Btitle-raw%5D-21,,,,,,,,,67-312 Mycielin,Niegosławice,67-312,Poland,Polish,University of Dąbrowa Górnicza
1061615,FW Kręcin,Wind,,,4x1.5,6,2010,Polenergia,Operational,,,,,,,,,,53.0924,15.4962,,Polenergia,http://www.polenergia.pl/pol/pl/strona/krzecin,,,,,,,,,73-230 Krzęcin,Krzęcin,73-230,Poland,Polish,University of Dąbrowa Górnicza
1061616,FW Lubartów,Wind,,,24x2,48,2016,IKEA,Operational,,,,,,,,,,51.5016,22.3023,,GEO Renewables,http://georenewables.pl,,,,,,,,,21-140 Michów,Michów,21-140,Poland,,University of Dąbrowa Górnicza
1061617,FW Czarnożyły,Wind,,,11x2,22,,Farma wiatrowa Czarnożyły Sp. Z o.o.,Operational,,,,,,,,,,51.2859,18.5969,,RE  Power Map,http://www.repowermap.org/installations/546534314/pl/Energia-wiatrowa-Czarno%C5%BCy%C5%82y,,,,,,,,,98-310 Czarnożyły,Czarnożyły,98-310,Poland,,University of Dąbrowa Górnicza
1061618,FW Sanniki,Wind,,,10x3,30,,,Operational,,,,,,,,,,52.3188,19.8852,,Emporis,https://www.emporis.com/buildings/1243986/sanniki-vestas-v90-wind-turbines-konstantynow-poland,,,,,,,,,09-540 Sanniki,Sanniki,09-540,Poland,,University of Dąbrowa Górnicza
1061619,Gorzkowice,Wind,,,6x2,12,,ELEOS,Operational,,,,,,,,,,51.2195,19.6404,,Terna Energy,http://www.terna-energy.com/activities/?EntryId=9c2669c4-3d6c-4887-9eee-771fe5d0fb7a&catid=67e8558e-78c1-44cc-9d53-56994d9e6f7e&countryId=812d58f0-9690-4b52-befa-c50aa16c557f,,,,,,,,,97-350 Gorzkowice,Gorzkowice,97-350,Poland,,University of Dąbrowa Górnicza
1061620,Lubawa,Wind,,,5x2,10,,,Operational,,,,,,,,,,53.5273,19.7813,,Wind Energy Poland,https://issuu.com/biznespolska/docs/windenergypoland_2016_final_pdf_lo,,,,,,,,,14-260 Lubawa,Lubawa,14-260,Poland,,University of Dąbrowa Górnicza
1061621,Miksztal,Wind,,,5x2,10,,,Operational,,,,,,,,,,52.2972,19.2568,,AM Project,http://www.amproject.eu/fw-miksztal-eng,,,,,,,,,99-340 Miksztal,Nowe Ostrowy,99-340,Poland,,University of Dąbrowa Górnicza
1061622,Nidzica/Tatary,Wind,,,5x2,10,,ELEOS,Operational,,,,,,,,,,53.3211,20.4741,,GP Wind,http://gp-wind.energy/projects/rio-energy1/,,,,,,,,,13-100 Nidzica,Nidzica,13-100,Poland,,University of Dąbrowa Górnicza
1061623,Sromowice Wyżne,Hydro,,,,2,1997,state,Operational,,,,,,,,,,49.4068,20.3336,,Niedzica,http://www.niedzica.pl/52-Elektrownia_Wodna_w_Niedzicy,,,,,,,,,"Widokowa 1, 34-441 Niedzica",Łapsze Niżne,34-441,Poland,Polish,University of Dąbrowa Górnicza
1061624,Niedzica,Hydro,,Pumped Storage,,93,1997,state,Operational,,,,,,,,,,49.4183,20.3232,,Niedzica,http://www.niedzica.pl/52-Elektrownia_Wodna_w_Niedzicy,,,,,,,,,"Widokowa 1, 34-441 Niedzica",Łapsze Niżne,34-441,Poland,Polish,University of Dąbrowa Górnicza
1061515,EC Bielsko-Północ 2,Oil,Coal,,,55,1997,PKE S.A.,Operational,,,,,,,,,,49.8733,19.0309,"Heat capacity: 172 MW, Stack: 225m",Tauron Ciepło,http://www.tauron-cieplo.pl/O-Nas/obszary-wytwarzania/Strony/zw-bielsko-biala.aspx,,,,,,,,,"Legionów 243a, 43-500 Czechowice-Dziedzice",Czechowice-Dziedzice,43-500,Poland,Polish,University of Dąbrowa Górnicza
1019073,Poznań Garbary EC-I,Coal,,,,0,Only heat production,,Operational,,,,,,,,,,52.4362,16.9868,,ENTSOE,https://transparency.entsoe.eu/generation/r2/installedCapacityPerProductionUnit/show,,,,,,,,,"Energetyczna 3, 61-016 Poznań",,,Poland,,University of Dąbrowa Górnicza
